window,max_psi,mean_psi,num_severe,top_group,top_group_share,attribution_entropy,perf_drop,baseline_auc,window_auc
0,1.3971703025267004,0.2523334337176716,8,behavioral,0.9999446447124561,0.0005979318015411053,0.1296364630842992,0.9420660369470895,0.8124295738627902
