group,impact,normalized_impact
monetary,59173.42589224699,0.7372182494866449
behavioral,6906.011398796948,0.08603925761585768
identity,14186.380780404854,0.17674249289749736
