group,impact,normalized_impact
monetary,25413.93400228081,0.6363421722668922
behavioral,4114.974615039425,0.10303528312941641
identity,10408.620450958766,0.2606225446036914
