group,impact,normalized_impact
monetary,11042.017306919597,0.6532420335313448
behavioral,1155.9359730897966,0.06838478374961587
identity,4705.455778387893,0.2783731827190393
