group,impact,normalized_impact
monetary,26932.753435233237,0.6657486314438249
behavioral,3645.79390795183,0.09012009524321202
identity,9876.291259822701,0.24413127331296314
