group,impact,normalized_impact
monetary,33043.43294072652,0.6540958419242326
behavioral,5776.109707043922,0.11433828163837743
identity,11698.180937688636,0.23156587643738993
