group,impact,normalized_impact
monetary,24596.897869058248,0.7611388546033238
behavioral,2553.000384151066,0.07900133580011436
identity,5166.015880325762,0.15985980959656193
