group,impact,normalized_impact
monetary,72876.34487696993,0.7954096537149358
behavioral,5550.988726882226,0.060586326447612644
identity,13193.813482562058,0.14400401983745154
