group,impact,normalized_impact
monetary,55696.36278483424,0.786097097190562
behavioral,4706.955391807868,0.06643385286037296
identity,10448.441719034727,0.14746904994906498
