group,impact,normalized_impact
monetary,53677.48367626524,0.7502069607558146
behavioral,5545.878746795141,0.07751028092982563
identity,12326.871691251916,0.17228275831435963
