group,impact,normalized_impact
monetary,49823.7827305861,0.7634425908026757
behavioral,5026.773531060318,0.07702452117460613
identity,10411.433743655598,0.15953288802271817
