group,impact,normalized_impact
monetary,47130.97917999726,0.7610153522037587
behavioral,4581.858136200248,0.07398243032361908
identity,10218.868849144268,0.16500221747262234
