group,impact,normalized_impact
monetary,50190.89420982453,0.7676505435213382
behavioral,5011.333120989241,0.0766464247082663
identity,10180.249934936233,0.1557030317703955
