group,impact,normalized_impact
monetary,78352.1197933714,0.8350726457805604
behavioral,5157.816571070599,0.054971729441570624
identity,10316.774628029787,0.10995562477786903
