group,impact,normalized_impact
monetary,47269.85779096327,0.7527680036161757
behavioral,4457.7916378376585,0.07098990918465282
identity,11067.07293437939,0.17624208719917148
