group,impact,normalized_impact
monetary,42653.2470436712,0.7615488119610959
behavioral,4385.592848091221,0.07830219865299813
identity,8969.713169771563,0.16014898938590608
