group,impact,normalized_impact
monetary,3.779726252681887,0.6940977686333979
behavioral,0.469033333800013,0.08613189650289532
identity,1.1967646948073947,0.2197703348637068
