group,impact,normalized_impact
monetary,71311.19042708652,0.8229972279924039
behavioral,4631.588755730689,0.05345282674904405
identity,10705.37466460342,0.12354994525855212
