group,impact,normalized_impact
monetary,60348.647141341324,0.8004469329705212
behavioral,4714.416224854539,0.06253064793802443
identity,10330.6256537405,0.13702241909145435
