group,impact,normalized_impact
monetary,57343.94380147548,0.7878784905371937
behavioral,4860.100661712362,0.06677546955028626
identity,10578.680906528814,0.14534603991251993
