group,impact,normalized_impact
monetary,52130.05828402654,0.7846147666579297
behavioral,4320.512463309105,0.06502846898371262
identity,9989.75194258105,0.15035676435835768
