group,impact,normalized_impact
monetary,61456.58202484436,0.783718577785027
behavioral,5515.247424324099,0.0703326108467348
identity,11444.816228078485,0.14594881136823817
