group,impact,normalized_impact
monetary,51081.986922602286,0.7884833914945502
behavioral,4204.986520713186,0.06490667714363636
identity,9498.141213034716,0.14660993136181347
