group,impact,normalized_impact
monetary,59513.91556075607,0.7699909661150847
behavioral,5962.902585214535,0.07714802629230916
identity,11814.88809446466,0.15286100759260618
