group,impact,normalized_impact
monetary,57378.577849122186,0.7537647373060716
behavioral,6369.724345059594,0.08367711047650839
identity,12374.359173861501,0.16255815221742007
