group,impact,normalized_impact
monetary,7121.271888067405,0.5570809539239187
behavioral,715.3312037268665,0.05595873821521136
identity,4946.587282795284,0.38696030786087
