group,impact,normalized_impact
monetary,7.414695006936252,0.7389892694255938
behavioral,0.12480368451611995,0.012438621353395166
identity,2.494063788689718,0.24857210922101106
