group,impact,normalized_impact
monetary,38847.51122249686,0.7188602535815374
behavioral,5138.624747552652,0.09508853908115661
identity,10054.285695982333,0.18605120733730596
