group,impact,normalized_impact
monetary,58442.67767494249,0.7730662128163898
behavioral,5274.890761984719,0.06977503404393251
identity,11880.972420300968,0.15715875313967778
