group,impact,normalized_impact
monetary,64178.37311812953,0.811863998091625
behavioral,4626.849756428636,0.05853019575471739
identity,10245.422638714756,0.12960580615365763
