group,impact,normalized_impact
monetary,66924.5909018621,0.8077692134216581
behavioral,4684.068662580455,0.05653596694724623
identity,11242.468938430033,0.13569481963109578
