group,impact,normalized_impact
monetary,52345.014461110426,0.7644401480521192
behavioral,4913.632247490242,0.07175808052428276
identity,11216.321010574606,0.16380177142359809
