group,impact,normalized_impact
monetary,41691.299045923064,0.7060330686534289
behavioral,5106.514931975689,0.08647771813432893
identity,12252.251659165779,0.2074892132122422
