group,impact,normalized_impact
monetary,34973.709993200726,0.727614120508009
behavioral,4174.884041283918,0.08685680130910572
identity,8917.694135929936,0.18552907818288517
