group,impact,normalized_impact
monetary,0.0172853309452344,0.3130523543063018
temporal,0.019365153369376904,0.3507197445622204
identity,0.006593713845712381,0.11941788384395487
behavioral,5.9439922285411926e-05,0.001076508611272035
device,0.011911825744638801,0.21573350867625088
