group,impact,normalized_impact
monetary,36856.882864604784,0.7160400675688027
behavioral,4534.922048187498,0.08810256422747671
identity,10081.40801752085,0.19585736820372054
