group,impact,normalized_impact
monetary,49136.65156907111,0.7590495446301418
behavioral,4846.263543175554,0.07486375278205801
identity,10751.53063860834,0.16608670258780017
