group,impact,normalized_impact
monetary,59765.03520356622,0.7969629319063715
behavioral,4647.75487201373,0.06197751472856422
identity,10578.19483836774,0.14105955336506437
