group,impact,normalized_impact
monetary,0.01406591979645783,0.3131844679231145
temporal,0.017341098691831678,0.3861079009117613
identity,0.003534209593524068,0.07869087603893053
behavioral,1.1937866745116764e-05,0.0002658023434520047
device,0.009959405513672812,0.22175095278274173
