group,impact,normalized_impact
monetary,40436.02288569719,0.7121960929230835
behavioral,5346.82525905475,0.0941731601499362
identity,10993.681925407041,0.19363074692698032
