group,impact,normalized_impact
monetary,33529.12925344567,0.7343079080073779
behavioral,3685.8380415412976,0.08072204920919798
identity,8445.890892459907,0.18497004278342405
