group,impact,normalized_impact
monetary,61246.137506025145,0.7910963161019015
behavioral,4933.995557777163,0.06373080602897893
identity,11239.185240969078,0.1451728778691197
