group,impact,normalized_impact
monetary,0.012646783912537759,0.3044932234751017
temporal,0.01635027469468035,0.39366117749121776
identity,0.002313001052133691,0.05568950581714832
behavioral,2.819731764676967e-05,0.0006788992524102821
device,0.010195619436418168,0.24547719396412193
