group,impact,normalized_impact
monetary,8.11004044842073,0.7636509375209076
behavioral,0.27823393537514385,0.02619883426607758
identity,2.231813996831158,0.21015022821301485
