group,impact,normalized_impact
monetary,36743.79203317927,0.7060967525643284
behavioral,4676.351747691014,0.08986434442889053
identity,10617.755982493603,0.20403890300678115
