group,impact,normalized_impact
monetary,31585.953727080683,0.7293977000025945
behavioral,3443.19748371479,0.07951193581098207
identity,8275.007449107517,0.19109036418642322
