group,impact,normalized_impact
monetary,76863.24108990698,0.8268418910531404
behavioral,4835.952564717496,0.05202185214876863
identity,11260.829200539554,0.12113625679809095
