group,impact,normalized_impact
monetary,51653.53302993229,0.7400413787323101
behavioral,5496.113256834376,0.07874294348655073
identity,12648.5224567362,0.18121567778113926
