group,impact,normalized_impact
monetary,11315.219070567002,0.691298150974724
behavioral,653.2436743482208,0.03990962449746287
identity,4399.610935902015,0.2687922245278131
