group,impact,normalized_impact
monetary,47711.34751018644,0.7255920283517081
behavioral,5227.8092609546575,0.07950428825515919
identity,12815.903436135384,0.19490368339313252
