group,impact,normalized_impact
monetary,45992.0988627085,0.753976407026428
behavioral,4494.924677493278,0.07368802994417688
identity,10512.36375375159,0.1723355630293952
