group,impact,normalized_impact
monetary,57267.3207091932,0.7841924658016529
behavioral,5133.126195966423,0.07029067955399862
identity,10626.677438161874,0.14551685464434844
