group,impact,normalized_impact
monetary,38450.93035200657,0.7032899553022927
behavioral,5250.682330814017,0.09603804401970785
identity,10971.328487623608,0.20067200067799956
