group,impact,normalized_impact
monetary,53063.6593353074,0.7884246289022083
behavioral,4308.557994888171,0.06401694268308929
identity,9931.18414927433,0.14755842841470232
