group,impact,normalized_impact
monetary,69552.49501109742,0.8294332887035837
behavioral,4356.921211838733,0.051957524870692405
identity,9946.02574974978,0.11860918642572392
