group,impact,normalized_impact
monetary,50591.120780145655,0.7627625432809106
behavioral,5323.538401868114,0.08026301113803525
identity,10411.514311686393,0.15697444558105417
