group,impact,normalized_impact
monetary,76213.1947812643,0.8075254798685061
behavioral,5390.1773825475875,0.05711223089270293
identity,12775.315173304114,0.13536228923879096
