group,impact,normalized_impact
monetary,67928.95714459145,0.8119364792170276
behavioral,4831.578923240337,0.057750558007901104
identity,10902.359840105728,0.13031296277507134
