group,impact,normalized_impact
monetary,0.011621887473294021,0.29991015013119365
temporal,0.015229559317290395,0.393008401757129
identity,0.0018965668720616103,0.04894210657613858
behavioral,6.022172291888478e-05,0.001554059614091477
device,0.00994299550211964,0.2565852819214474
