group,impact,normalized_impact
monetary,76259.0884557964,0.8294106984963393
behavioral,4687.549402545531,0.050982823200870164
identity,10997.062161501715,0.11960647830279059
