group,impact,normalized_impact
monetary,44570.98223710599,0.7376823101973448
behavioral,4679.562117713712,0.07745017095075739
identity,11169.749884284882,0.18486751885189784
