group,impact,normalized_impact
monetary,4.451456938995721,0.8156024166599826
behavioral,0.3384493676021131,0.06201118553234905
identity,0.667969795860423,0.12238639780766841
