group,impact,normalized_impact
monetary,42973.55928303457,0.7565844700631181
behavioral,3935.885201981805,0.069294460813868
identity,9889.97578255731,0.1741210691230138
