group,impact,normalized_impact
monetary,29632.084804941056,0.7161242511163044
behavioral,3657.5838881655823,0.08839352816548639
identity,8088.744003782421,0.1954822207182093
