group,impact,normalized_impact
monetary,53065.86361818492,0.7904932445655755
behavioral,4544.8811290768335,0.06770261680350069
identity,9519.32117423497,0.14180413863092373
