group,impact,normalized_impact
monetary,43825.70622255589,0.7719317720470414
behavioral,4523.012383811872,0.07966687283249423
identity,8425.348493289277,0.14840135512046437
