group,impact,normalized_impact
monetary,44282.382935636924,0.7845251641744985
behavioral,4209.844042586197,0.07458335278522352
identity,7952.594625724032,0.14089148304027788
