group,impact,normalized_impact
monetary,29793.26315836422,0.6688213763433734
behavioral,4525.414919711407,0.10158988691631447
identity,10227.241373919182,0.22958873674031202
