group,impact,normalized_impact
monetary,35052.772818466474,0.67986013033506
behavioral,5152.310951863342,0.09993077618713232
identity,11353.716715868984,0.22020909347780762
