group,impact,normalized_impact
monetary,37946.05049146376,0.710811252172339
behavioral,4552.302523763586,0.08527443081096454
identity,10885.791334619815,0.20391431701669638
