group,impact,normalized_impact
monetary,20278.37261509345,0.6607201379009828
behavioral,3133.1376010928884,0.10208546549322337
identity,7279.808924645445,0.23719439660579383
