group,impact,normalized_impact
monetary,43839.74551296062,0.6923308361686141
behavioral,6130.646825730977,0.09681707303382905
identity,13351.567658889157,0.21085209079755682
