group,impact,normalized_impact
monetary,48797.94964176625,0.8095633332166537
behavioral,3322.41754406084,0.055119271220470646
identity,8156.510038684061,0.1353173955628756
