group,impact,normalized_impact
monetary,5.845134667454175,0.7230807121228968
behavioral,0.24082216359330588,0.029791248868157844
identity,1.997697689750634,0.24712803900894534
