group,impact,normalized_impact
monetary,51068.66002374823,0.7877458052581514
behavioral,3977.056256065479,0.06134700580619085
identity,9783.140545406162,0.1509071889356578
