group,impact,normalized_impact
monetary,53073.72312425123,0.7530185698756565
behavioral,5139.627448860209,0.07292186572578963
identity,12267.943311865552,0.17405956439855386
