group,impact,normalized_impact
monetary,38508.575091676015,0.7191539293091833
behavioral,4506.455095439797,0.08415878493103364
identity,10532.024931761469,0.19668728575978303
