group,impact,normalized_impact
monetary,63808.92514912713,0.7871153990806709
behavioral,4789.242824200002,0.05907773509825359
identity,12468.630139953591,0.15380686582107558
