group,impact,normalized_impact
monetary,31188.901399624803,0.7296983575290279
behavioral,3020.638953315813,0.07067114210535375
identity,8532.643561573796,0.19963050036561833
