group,impact,normalized_impact
monetary,66329.40839998626,0.77698642642229
behavioral,6065.687369230352,0.07105380353149793
identity,12972.429510995184,0.1519597700462121
