group,impact,normalized_impact
monetary,45356.51407466267,0.760077118739325
behavioral,4322.388155127711,0.07243388082281522
identity,9994.666354791725,0.16748900043785972
