group,impact,normalized_impact
monetary,29399.19469206439,0.6841672432131538
behavioral,4084.0459716463865,0.09504241537375559
identity,9487.531444571829,0.22079034141309065
