group,impact,normalized_impact
monetary,58796.71296455455,0.7791417976679298
behavioral,5156.031979919206,0.06832490836842176
identity,11510.685640999352,0.1525332939636485
