group,impact,normalized_impact
monetary,43559.672205972915,0.7260677037753535
behavioral,4876.647783442306,0.08128565434336785
identity,11557.633714178166,0.19264664188127864
