group,impact,normalized_impact
monetary,65320.71978766412,0.8076553484750908
behavioral,5108.331312923543,0.06316175204555291
identity,10447.921869373047,0.12918289947935624
