group,impact,normalized_impact
monetary,57919.88252727587,0.7982750122246777
behavioral,4912.698219989032,0.06770877392182349
identity,9723.720828380665,0.13401621385349874
