group,impact,normalized_impact
monetary,40826.132152590726,0.7188947218295971
behavioral,4864.269512117962,0.08565341592361274
identity,11099.738689483436,0.19545186224679012
