group,impact,normalized_impact
monetary,5.780242234142338,0.5900172804533238
behavioral,0.4616723127924019,0.04712512580275741
identity,3.5548192533045433,0.3628575937439188
