group,impact,normalized_impact
monetary,36683.2579056205,0.7107504500764047
behavioral,5122.500774378231,0.09925017402416221
identity,9806.249306316435,0.18999937589943303
