group,impact,normalized_impact
monetary,51618.60437019727,0.7464572427832414
behavioral,5539.028701004886,0.08009995896434086
identity,11993.821843659509,0.17344279825241768
