group,impact,normalized_impact
monetary,10084.570416697223,0.6718185030495281
behavioral,635.5388626783694,0.042338617284822
identity,4290.746139046494,0.28584287966565
