group,impact,normalized_impact
monetary,68845.29312053816,0.8056498173176212
behavioral,5603.576516914323,0.06557485911597563
identity,11004.253593873762,0.12877532356640317
