group,impact,normalized_impact
monetary,53789.2819719521,0.7658109761500009
behavioral,5138.449670270441,0.07315734684726535
identity,11310.595630611286,0.16103167700273383
