group,impact,normalized_impact
monetary,5628.408539355063,0.5475833021302728
behavioral,396.62983089025573,0.038587794578810834
identity,4253.595980836549,0.4138289032909163
