group,impact,normalized_impact
monetary,6.259817301848394,0.7737431638670933
behavioral,0.391417748610111,0.04838109366448994
identity,1.4390688051031186,0.17787574246841675
