group,impact,normalized_impact
monetary,29738.566187748547,0.6835612329314329
behavioral,4352.2902963685465,0.10004036180758556
identity,9414.486936567479,0.21639840526098159
