group,impact,normalized_impact
monetary,27198.38961111348,0.7158171820887913
behavioral,3333.208959266424,0.08772461453233533
identity,7464.6807753423955,0.19645820337887332
