group,impact,normalized_impact
monetary,60767.665644017616,0.7850254989252349
behavioral,5808.082720685015,0.07503156468630381
identity,10832.776233815002,0.1399429363884614
