group,impact,normalized_impact
monetary,11.342175551200977,0.8480491920380648
behavioral,0.34366335964092604,0.025695549602537622
identity,1.6885922633014503,0.12625525835939758
