group,impact,normalized_impact
monetary,42506.96690529731,0.7370304446833291
behavioral,4986.536384346016,0.08646180606045852
identity,10179.78173124989,0.1765077492562124
