group,impact,normalized_impact
monetary,4.869442036850883,0.8335395549275114
behavioral,0.1352147725019446,0.02314574450993656
identity,0.8372279675182033,0.14331470056255213
