group,impact,normalized_impact
monetary,73670.91407386662,0.8413133176463946
behavioral,4173.246826776079,0.04765799606710372
identity,9722.400246830564,0.11102868628650155
