group,impact,normalized_impact
monetary,20192.014869089813,0.7387622987681908
behavioral,1939.9502533557059,0.07097667657024648
identity,5200.256490322075,0.1902610246615628
