group,impact,normalized_impact
monetary,13549.143190564671,0.6805175038121126
behavioral,1285.4372147941783,0.06456220237808795
identity,5075.477917410642,0.25492029380979947
