group,impact,normalized_impact
monetary,5.6899464711326555,0.746117868424033
behavioral,0.2327392303478643,0.03051889843371956
identity,1.7033834652465667,0.2233632331422474
