group,impact,normalized_impact
monetary,55523.62035261697,0.765503927086455
behavioral,4951.244669046033,0.0682627900351237
identity,12057.251912005202,0.16623328287842135
