group,impact,normalized_impact
monetary,68730.34000984443,0.79295122619177
behavioral,5534.628970899965,0.06385376281221682
identity,12411.660980380659,0.14319501099601306
