group,impact,normalized_impact
monetary,42999.644996217656,0.7154978189104009
behavioral,5739.23297202329,0.09549866456019651
identity,11358.64275055015,0.18900351652940264
