group,impact,normalized_impact
monetary,36136.50148423412,0.6840755624898411
behavioral,5747.705862674081,0.10880591533605849
identity,10941.099484266262,0.20711852217410034
