group,impact,normalized_impact
monetary,31636.257841543265,0.8859060689491061
behavioral,300.6770006193558,0.008419819467153117
identity,3773.688383470475,0.10567411158374072
