group,impact,normalized_impact
monetary,48941.87886332647,0.7135905979577986
behavioral,5955.065832085715,0.0868270505074613
identity,13688.430453015533,0.1995823515347402
