group,impact,normalized_impact
monetary,5.9660997636464925,0.7404690488503063
behavioral,0.11684905890168604,0.014502458043226179
identity,1.9742411071454293,0.24502849310646746
