group,impact,normalized_impact
monetary,61272.961748298825,0.8100990235284937
behavioral,4453.480701995042,0.0588801367691246
identity,9909.942693606587,0.1310208397023817
