group,impact,normalized_impact
monetary,53947.17860046646,0.7699937881606493
behavioral,5455.421219775792,0.07786580429232738
identity,10659.2363009747,0.15214040754702324
