group,impact,normalized_impact
monetary,34907.27315814253,0.7158695792578117
behavioral,4523.0000908925485,0.09275654839556036
identity,9331.78365291228,0.1913738723466279
