group,impact,normalized_impact
monetary,55249.70864253696,0.76478455970423
behavioral,5613.619824181411,0.07770556390370101
identity,11378.857834615994,0.15750987639206895
