group,impact,normalized_impact
monetary,67545.60742710935,0.8264335971921765
behavioral,4793.598087206988,0.05865060159506431
identity,9392.23383737122,0.1149158012127593
