group,impact,normalized_impact
monetary,39168.94314469711,0.6817482253871585
behavioral,6268.481652618752,0.1091049668293991
identity,12016.253387843226,0.20914680778344244
