group,impact,normalized_impact
monetary,33535.82860507634,0.7191371538779879
behavioral,4097.129268655841,0.08785821027500615
identity,9000.467230550747,0.1930046358470058
