group,impact,normalized_impact
monetary,48164.60053193396,0.7829850755480583
behavioral,3587.132162827003,0.058314008971169055
identity,9762.339585889675,0.15870091548077261
