group,impact,normalized_impact
monetary,37295.468943444685,0.679034762248903
behavioral,5296.889514571494,0.09643992190150369
identity,12331.882563055256,0.2245253158495934
