group,impact,normalized_impact
monetary,12936.495808210651,0.5837752843549092
behavioral,2158.754427555961,0.09741644866448669
identity,7064.810587133595,0.3188082669806041
