group,impact,normalized_impact
monetary,11.41040163604381,0.9038591544886629
behavioral,0.27537965476452314,0.02181381776541403
identity,0.9383112786794185,0.07432702774592317
