group,impact,normalized_impact
monetary,62206.06067741578,0.8006393499379302
behavioral,5301.931190214322,0.06823989005768977
identity,10187.490726671967,0.13112076000438003
