group,impact,normalized_impact
monetary,34326.38627899695,0.7341996131389633
behavioral,3650.334834765035,0.07807621815268125
identity,8776.758001051892,0.18772416870835543
