group,impact,normalized_impact
monetary,14822.911830533694,0.6511843714251689
behavioral,1477.512621138487,0.06490851045116
identity,6462.578594750093,0.2839071181236711
