group,impact,normalized_impact
monetary,0.015137861820974789,0.3062072896505322
temporal,0.018889844472530413,0.3821020528697861
identity,0.0017263753250232978,0.03492096277840777
behavioral,0.00025451939290714067,0.005148395089563305
device,0.013428046425179294,0.27162129961171066
