group,impact,normalized_impact
monetary,15888.12770526019,0.7324056605365787
behavioral,839.3479364665775,0.03869198380274164
identity,4965.594962916224,0.22890235566067962
