group,impact,normalized_impact
monetary,32540.55581153695,0.6744713204767253
behavioral,4814.578448250308,0.09979224394129341
identity,10890.884249253057,0.22573643558198134
