group,impact,normalized_impact
monetary,0.013853537812492562,0.25895427958828976
temporal,0.023280731993972528,0.43517008170655264
identity,0.0045542688239455795,0.08512969165845473
behavioral,0.000137420115620578,0.002568695991097427
device,0.01167204806242251,0.2181772510556056
