group,impact,normalized_impact
monetary,46687.02607322895,0.7375243846441276
behavioral,5177.040375318072,0.08178275290217456
identity,11438.282660569566,0.18069286245369784
