group,impact,normalized_impact
monetary,31259.09252834147,0.7274288934218079
behavioral,3809.0357944705756,0.08863989543086073
identity,7903.896587140949,0.18393121114733144
