group,impact,normalized_impact
monetary,50510.236971159466,0.7523367402209653
behavioral,4778.105688696885,0.07116863182245624
identity,11849.461824242533,0.1764946279565784
