group,impact,normalized_impact
monetary,54669.181061567804,0.8104156806277435
behavioral,3894.8628736171486,0.05773742875568967
identity,8894.153590338448,0.1318468906165669
