group,impact,normalized_impact
monetary,58365.93088268705,0.8039615696550589
behavioral,4497.271413564766,0.06194766930183327
identity,9734.709203086453,0.13409076104310777
