group,impact,normalized_impact
monetary,66879.28369253865,0.7996424209360727
behavioral,5039.018215634244,0.06024904129677865
identity,11718.186028833768,0.14010853776714863
