group,impact,normalized_impact
monetary,26452.0033672672,0.7930138354055372
behavioral,1408.2351912734027,0.042217973991591266
identity,5496.056358735315,0.1647681906028716
