group,impact,normalized_impact
monetary,63978.81746225046,0.8252350058434524
behavioral,3954.271319408899,0.05100442997878779
identity,9594.908709018197,0.12376056417775974
