group,impact,normalized_impact
monetary,31892.29063849432,0.6604501021650443
behavioral,4922.2046617343785,0.10193280277572454
identity,11474.225579588106,0.23761709505923106
