group,impact,normalized_impact
monetary,54939.19695541733,0.7769510579754434
behavioral,4545.747219230882,0.06428603450713717
identity,11226.327007060841,0.15876290751741948
