group,impact,normalized_impact
monetary,66301.7052045991,0.828847814723728
behavioral,4254.244526638826,0.05318296517900686
identity,9436.666557071669,0.11796922009726511
