group,impact,normalized_impact
monetary,44857.83933100721,0.7374384898465121
behavioral,4741.235152643808,0.07794332814768547
identity,11230.187819085264,0.18461818200580243
