group,impact,normalized_impact
monetary,48542.955970232775,0.7296537549804595
behavioral,5501.520372525377,0.08269387221446103
identity,12484.278753599547,0.1876523728050795
