group,impact,normalized_impact
monetary,40455.539562157835,0.7149507663008475
behavioral,4839.285197576875,0.08552229676828446
identity,11290.245805997594,0.1995269369308682
