group,impact,normalized_impact
monetary,26978.76216990989,0.6890512947599068
behavioral,3888.1162842630665,0.09930446560059847
identity,8286.610371808247,0.2116442396394948
