group,impact,normalized_impact
monetary,50210.32211290769,0.7699658798279244
behavioral,4343.869281072594,0.06661242135307356
identity,10656.908770781472,0.1634216988190021
