group,impact,normalized_impact
monetary,14.10374039131257,0.9329633960772542
behavioral,0.20634939790487833,0.013650026851487963
identity,0.8070524809008393,0.05338657707125781
