group,impact,normalized_impact
monetary,64830.75320117606,0.7979145701761226
behavioral,4744.474362312074,0.05839335553866737
identity,11675.016039490645,0.1436920742852101
