group,impact,normalized_impact
monetary,47739.11443678118,0.7740420224737482
behavioral,3945.7334165301736,0.06397612335096335
identity,9990.246070158759,0.16198185417528854
