group,impact,normalized_impact
monetary,44447.82086997385,0.7760307139405185
behavioral,3816.007418386298,0.06662506515123956
identity,9012.02442148596,0.15734422090824204
