group,impact,normalized_impact
monetary,67698.05761065424,0.8028894322714257
behavioral,5074.505857002607,0.06018292504075692
identity,11545.469488801557,0.1369276426878175
