group,impact,normalized_impact
monetary,64849.8512129018,0.8166065564253389
behavioral,4292.838912443266,0.05405656814955907
identity,10271.13615689705,0.12933687542510214
