group,impact,normalized_impact
monetary,5.284239700789009,0.7823891497086156
behavioral,0.060982220614206176,0.009029080896267434
identity,1.408756840645074,0.20858176939511697
