group,impact,normalized_impact
monetary,43815.64683231358,0.7763664017220868
behavioral,4195.8472579249665,0.07434592601765058
identity,8425.32071154124,0.14928767226026265
