group,impact,normalized_impact
monetary,61227.0123139644,0.7964350602349973
behavioral,4835.851315021656,0.0629042866507524
identity,10813.476164365908,0.14066065311425016
