group,impact,normalized_impact
monetary,37033.773052933415,0.7141838813733707
behavioral,4543.691186499879,0.08762355924950574
identity,10277.210752275736,0.19819255937712357
