group,impact,normalized_impact
monetary,4555.472832770267,0.47480906920040894
behavioral,621.0485052581552,0.06473081358068561
identity,4417.80431468458,0.46046011721890534
