group,impact,normalized_impact
monetary,53610.123966621875,0.7872275714496594
behavioral,4444.067531017137,0.06525805633240274
identity,10045.714947329896,0.14751437221793798
