group,impact,normalized_impact
monetary,6.683844676461985,0.9028481746186446
behavioral,0.22874529256595136,0.030898723690134754
identity,0.490476088324602,0.0662531016912207
