group,impact,normalized_impact
monetary,50184.48681391392,0.7525724827764964
behavioral,5253.890347720894,0.07878795927277538
identity,11245.547593049614,0.16863955795072835
