group,impact,normalized_impact
monetary,14666.618804667072,0.7137878837716787
behavioral,1381.157871560796,0.06721752078142697
identity,4499.810552583269,0.21899459544689442
