group,impact,normalized_impact
monetary,35944.6128873765,0.6898466676090109
behavioral,5213.30356664154,0.10005338223978652
identity,10947.304278524623,0.21009995015120267
