group,impact,normalized_impact
monetary,12143.414168644547,0.646643937070566
behavioral,915.8014676777935,0.048766966061594225
identity,5719.91994740676,0.30458909686783975
