group,impact,normalized_impact
monetary,0.015368702441332859,0.3146301088974607
temporal,0.017067383758382147,0.3494057374715376
identity,0.0036067688814389854,0.07383824953778625
behavioral,0.00014957929818185697,0.0030622071743150957
device,0.012654456006293408,0.2590636969189004
