group,impact,normalized_impact
monetary,50074.05062831354,0.7567156830562863
behavioral,4849.868928515825,0.07329089284620781
identity,11248.953226869651,0.16999342409750587
