group,impact,normalized_impact
monetary,0.014055675949795014,0.27736921789243496
temporal,0.023496923366550404,0.4636791058884374
identity,0.0013265344021336477,0.026177311638476173
behavioral,0.00011061933619984525,0.002182918763574573
device,0.011685213895856566,0.23059144581707697
