group,impact,normalized_impact
monetary,64759.531342937364,0.7922829526024541
behavioral,5038.434084840406,0.06164135765731651
identity,11939.917648234748,0.14607568974022933
