group,impact,normalized_impact
monetary,6.464635575763895,0.6538298970699111
behavioral,0.24023455379960512,0.024297198464257024
identity,3.18246540638349,0.3218729044658319
