group,impact,normalized_impact
monetary,60777.67143426348,0.7995277798424791
behavioral,4653.377392302115,0.061214989114226855
identity,10585.911392424847,0.13925723104329407
