group,impact,normalized_impact
monetary,74814.1840378237,0.8346596186301996
behavioral,4482.450177149458,0.05000816627896313
identity,10337.729743600628,0.11533221509083733
