group,impact,normalized_impact
monetary,62376.15338081346,0.8055694506687293
behavioral,4814.251208660932,0.062174621090616486
identity,10240.72605858208,0.13225592824065424
