group,impact,normalized_impact
monetary,42578.85483941085,0.7417807914086995
behavioral,4613.929637323348,0.08038084609804698
identity,10208.07482369375,0.17783836249325355
