group,impact,normalized_impact
monetary,35592.72588471989,0.7366820247594309
behavioral,4571.0757755489185,0.09461004387713431
identity,8151.10855671791,0.1687079313634348
