group,impact,normalized_impact
monetary,7313.69296418423,0.6285406959874
behavioral,440.35985696394874,0.03784464187059359
identity,3881.9367191867623,0.33361466214200647
