group,impact,normalized_impact
monetary,4195.275091402843,0.47461530012262493
behavioral,411.63622580657847,0.046568781926337316
identity,4232.40568398907,0.4788159179510378
