group,impact,normalized_impact
monetary,60911.78188126288,0.7989241812023195
behavioral,4699.440725077874,0.06163826959963879
identity,10631.033310353781,0.13943754919804172
