group,impact,normalized_impact
monetary,77380.74338567749,0.8406683514387535
behavioral,4851.157370418597,0.05270322163788624
identity,9814.794297006581,0.10662842692336023
