group,impact,normalized_impact
monetary,3.9857409687394085,0.4702933660198676
behavioral,0.17495249569575566,0.02064333802413561
identity,4.3143165117230575,0.5090632959559966
