group,impact,normalized_impact
monetary,46032.753785554916,0.7370712515382882
behavioral,5280.897428363764,0.08455713283854946
identity,11139.949695740017,0.17837161562316223
