group,impact,normalized_impact
monetary,12.14155012802634,0.7947215694930968
behavioral,0.8550298889345956,0.055965728274604366
identity,2.2811607593095222,0.14931270223229892
