group,impact,normalized_impact
monetary,63754.47173586959,0.8146857196594479
behavioral,4431.484355241022,0.056627667406079454
identity,10070.5668813554,0.12868661293447264
