group,impact,normalized_impact
monetary,40160.01186134983,0.751077544855208
behavioral,3600.8879106303502,0.06734425429335866
identity,9708.961145099745,0.18157820085143336
