group,impact,normalized_impact
monetary,0.01714227553237785,0.3270695206221059
temporal,0.02076831766959607,0.3962533265488919
identity,0.002021796027995137,0.03857526711801262
behavioral,5.752358807640951e-05,0.001097532958274938
device,0.012421805338303091,0.23700435275271464
