group,impact,normalized_impact
monetary,65833.97411619069,0.8285095646263886
behavioral,4207.553704750545,0.05295136037074972
identity,9419.201332955885,0.11853907500286164
