group,impact,normalized_impact
monetary,45832.72923388958,0.7388433209144463
behavioral,5263.037465440485,0.08484242906896158
identity,10937.31654917742,0.1763142500165921
