group,impact,normalized_impact
monetary,32195.855976571103,0.7374436300153439
behavioral,3635.6716491016523,0.0832747823324974
identity,7827.2073150592005,0.1792815876521587
