group,impact,normalized_impact
monetary,46167.182024744325,0.7515893602515625
behavioral,4952.88015153659,0.08063156253506819
identity,10306.00964742322,0.1677790772133692
