group,impact,normalized_impact
monetary,81944.21790974891,0.8458888875304127
behavioral,4524.268767865815,0.04670285192243324
identity,10405.014225070594,0.1074082605471541
