group,impact,normalized_impact
monetary,36978.0777710617,0.7020509832640778
behavioral,5026.492681437093,0.09543097808437767
identity,10666.92870150542,0.20251803865154452
