group,impact,normalized_impact
monetary,72952.30426054694,0.8163251718939023
behavioral,4738.851330247319,0.05302702451903043
identity,11675.56587302525,0.1306478035870674
