group,impact,normalized_impact
monetary,69572.37592321214,0.8037353326705161
behavioral,5486.16657987561,0.06337897567317419
identity,11502.758332162062,0.13288569165630962
