group,impact,normalized_impact
monetary,62843.31873312171,0.8267724314827624
behavioral,3817.9823270137313,0.0502297236285146
identity,9349.117696107223,0.12299784488872309
