group,impact,normalized_impact
monetary,10.782394010653856,0.9472992813683306
behavioral,0.07320588361102572,0.006431584754567227
identity,0.5266466910794865,0.04626913387710207
