group,impact,normalized_impact
monetary,35808.68274057197,0.7219733485198121
behavioral,4609.788542267234,0.09294238757512525
identity,9179.873052151614,0.18508426390506275
