group,impact,normalized_impact
monetary,37004.93250991287,0.7137066465979695
behavioral,4905.852753608416,0.09461818952225731
identity,9938.153913806744,0.1916751638797732
