group,impact,normalized_impact
monetary,3.112289414219605,0.6440909302548076
behavioral,0.1674087458673279,0.03464538174561603
identity,1.5523671090022593,0.3212636879995764
