group,impact,normalized_impact
monetary,35064.85449789651,0.6885352735922718
behavioral,4606.321511763716,0.09044996443793767
identity,11255.560561080483,0.2210147619697905
