group,impact,normalized_impact
monetary,73024.41237099898,0.8341093381698141
behavioral,4634.629470457704,0.0529382927537402
identity,9888.728012346508,0.11295236907644575
