group,impact,normalized_impact
monetary,51234.53496754921,0.7948414738708971
behavioral,4370.38264701757,0.06780116940137038
identity,8853.891659735164,0.1373573567277325
