group,impact,normalized_impact
monetary,42629.40445083521,0.6874078437862958
behavioral,6186.4716738502575,0.09975811787075255
identity,13198.843137214624,0.21283403834295161
