group,impact,normalized_impact
monetary,44064.13463256209,0.7339448095003973
behavioral,4959.254647595827,0.0826027615870609
identity,11014.005987419401,0.1834524289125418
