group,impact,normalized_impact
monetary,43314.147428386044,0.7284700128843622
behavioral,4823.19968987929,0.08111798451162863
identity,11321.720053057967,0.19041200260400915
