group,impact,normalized_impact
monetary,2.758585642678687,0.4836555658702379
behavioral,0.15302362359202937,0.026829229484443388
identity,2.7920067723769204,0.48951520464531884
