group,impact,normalized_impact
monetary,6.817647782279395,0.7614376999704007
behavioral,0.2687556107010352,0.030016313632136273
identity,1.8672480778416976,0.2085459863974632
