group,impact,normalized_impact
monetary,39101.46325671164,0.7643600885370864
behavioral,3489.186144216452,0.06820702879086964
identity,8565.165565219837,0.16743288267204395
