group,impact,normalized_impact
monetary,26188.733601166576,0.6819311799672998
behavioral,3524.9755279793117,0.09178720734490617
identity,8690.068804020899,0.22628161268779406
