group,impact,normalized_impact
monetary,49212.18490086349,0.7397607043477616
behavioral,5108.989022865155,0.07679864906777172
identity,12203.290827684856,0.18344064658446668
