group,impact,normalized_impact
monetary,40667.24060795226,0.74896012460472
behavioral,4114.24518045338,0.07577119905214763
identity,9516.786271692738,0.17526867634313253
