group,impact,normalized_impact
monetary,49525.16247861279,0.7866458934260966
behavioral,4151.999833164432,0.06594937714086474
identity,9280.215197580561,0.14740472943303873
