group,impact,normalized_impact
monetary,63022.362772564986,0.7977910824210176
behavioral,4837.282337857053,0.061234465712145865
identity,11136.428123831358,0.14097445186683666
