group,impact,normalized_impact
monetary,84787.63797766539,0.8294812578814129
behavioral,5613.338570146569,0.054915542514652256
identity,11816.689218648402,0.11560319960393471
