group,impact,normalized_impact
monetary,34577.089398350996,0.6798205211238911
behavioral,4913.673379770799,0.09660778439690423
identity,11371.32261639903,0.22357169447920472
