group,impact,normalized_impact
monetary,4.246363901192952,0.6038671857619075
behavioral,0.33143849356032873,0.047133226218133144
identity,2.454147678565005,0.3489995880199594
