group,impact,normalized_impact
monetary,71033.18585274287,0.8212275184224407
behavioral,4884.4625869587735,0.056470156039897204
identity,10578.705200755998,0.12230232553766213
