group,impact,normalized_impact
monetary,55107.99646903447,0.7903058951563695
behavioral,4698.134327559948,0.06737612494029738
identity,9923.826687944951,0.1423179799033332
