group,impact,normalized_impact
monetary,48752.87932608588,0.769238982661018
behavioral,4377.230380217646,0.06906538221117725
identity,10247.956700882061,0.16169563512780477
