group,impact,normalized_impact
monetary,49931.08316926501,0.7474464890330947
behavioral,5214.887615165315,0.07806458805317482
identity,11656.247035679346,0.17448892291373044
