group,impact,normalized_impact
monetary,50087.87472811389,0.7811701535455077
behavioral,3864.2763824540493,0.06026722817467762
identity,10166.881728538065,0.15856261827981463
