group,impact,normalized_impact
monetary,48841.76372025255,0.7446309257720315
behavioral,4936.906121971111,0.07526699889686025
identity,11813.238887075386,0.18010207533110809
