group,impact,normalized_impact
monetary,56914.22425674122,0.7548095452133153
behavioral,6239.394441172502,0.08274828554814362
identity,12248.480570262323,0.16244216923854105
