group,impact,normalized_impact
monetary,53033.029868028265,0.7695791411823811
behavioral,4852.410130736804,0.07041486466773418
identity,11026.28984171415,0.16000599414988464
