group,impact,normalized_impact
monetary,35957.568651877096,0.7172442880393228
behavioral,4274.749761793156,0.08526827492502168
identity,9900.626876380938,0.19748743703565533
