group,impact,normalized_impact
monetary,36556.33005076276,0.7188372022998223
behavioral,4946.302428382962,0.09726321527380555
identity,9352.178504211483,0.18389958242637236
