group,impact,normalized_impact
monetary,67928.4467970971,0.8293918185107697
behavioral,4386.163990964064,0.053554124969446566
identity,9586.904612786791,0.11705405651978369
