group,impact,normalized_impact
monetary,46307.67070690755,0.7779543393443878
behavioral,3989.3377955322107,0.06701962335328425
identity,9227.912646445156,0.15502603730232783
