group,impact,normalized_impact
monetary,51479.29665743372,0.7613764028005781
behavioral,4934.413353921367,0.07297974396076515
identity,11199.754850540996,0.16564385323865685
