group,impact,normalized_impact
monetary,51649.76304225849,0.7310645340700138
behavioral,6137.0504286603245,0.0868654500606699
identity,12863.259997577487,0.18207001586931634
