group,impact,normalized_impact
monetary,27147.238774927457,0.6854012462411297
behavioral,4013.7913987655998,0.10133839576372242
identity,8446.774632335608,0.21326035799514775
