group,impact,normalized_impact
monetary,48097.36865572982,0.7593907134509085
behavioral,5288.479370936895,0.08349775122443737
identity,9950.940011154244,0.15711153532465422
