group,impact,normalized_impact
monetary,38113.151662605844,0.7221361606765953
behavioral,4454.540448789035,0.08440091141618214
identity,10210.653217408859,0.19346292790722266
