group,impact,normalized_impact
monetary,33463.297182816925,0.6843728435870624
behavioral,4466.893770944558,0.09135444051796587
identity,10966.105116992661,0.2242727158949716
