group,impact,normalized_impact
monetary,22519.379702644725,0.6334039844197233
behavioral,4206.467145833432,0.1183155613379815
identity,8827.102385453918,0.24828045424229525
