group,impact,normalized_impact
monetary,49861.357307771235,0.7611336618115909
behavioral,4505.673835396805,0.06877911493856881
identity,11142.300278457864,0.17008722324984032
