group,impact,normalized_impact
monetary,55831.89893510552,0.7697024001137306
behavioral,4791.54753024871,0.06605660392418605
identity,11913.54825735398,0.16424099596208333
