group,impact,normalized_impact
monetary,9.251683374951174,0.7663919617099688
behavioral,0.6259115266496861,0.05184932766556831
identity,2.194143630610357,0.18175871062446292
