group,impact,normalized_impact
monetary,63808.30759990998,0.7991710644955082
behavioral,5248.763045522099,0.0657384548838982
identity,10786.044845980494,0.1350904806205937
