group,impact,normalized_impact
monetary,57828.26045210554,0.8059971907348682
behavioral,4155.3850718216145,0.057916815552211266
identity,9763.825952221046,0.1360859937129205
