group,impact,normalized_impact
monetary,54338.34674293021,0.7820717163819649
behavioral,4503.255899615435,0.06481369570151069
identity,10638.402329774926,0.15311458791652433
