group,impact,normalized_impact
monetary,54514.766795530304,0.8024473593331113
behavioral,4186.326370109071,0.061621955636358416
identity,9234.53670650054,0.13593068503053035
