group,impact,normalized_impact
monetary,54674.838974046936,0.780787138679426
behavioral,4468.308565795862,0.06380993387983426
identity,10882.133699446704,0.1554029274407398
