group,impact,normalized_impact
monetary,9973.799464506239,0.713129254981775
behavioral,404.7190680271665,0.02893751859421607
identity,3607.444593830175,0.25793322642400873
