group,impact,normalized_impact
monetary,63404.44746288522,0.7979487517255192
behavioral,5304.760921638581,0.06676073248807396
identity,10750.089378367218,0.13529051578640697
