group,impact,normalized_impact
monetary,6.555036986098266,0.5755498819602445
behavioral,0.5724574852312299,0.05026330724766922
identity,4.261678199113425,0.37418681079208627
