group,impact,normalized_impact
monetary,36415.78517805956,0.6782947231808711
behavioral,5688.214152421871,0.10595091181049467
identity,11583.260696085348,0.2157543650086343
