group,impact,normalized_impact
monetary,8.270333157383233,0.877927595343033
behavioral,0.18115005995967512,0.019229773880954957
identity,0.9688074777590756,0.1028426307760121
