group,impact,normalized_impact
monetary,0.014325886086434113,0.41439053610077237
temporal,0.0058127438819639485,0.16813941133766838
identity,0.0018745189319376826,0.0542223287585874
behavioral,8.313981372028816e-05,0.00240490199147215
device,0.012474689236440198,0.3608428218114998
