group,impact,normalized_impact
monetary,65467.78960976309,0.8208445449862932
behavioral,4634.201091466505,0.05810427859217856
identity,9654.633143857047,0.12105117642152823
