group,impact,normalized_impact
monetary,72182.58542483325,0.8579042823456087
behavioral,3674.5602740410627,0.04367287450682449
identity,8281.128127522476,0.09842284314756679
