group,impact,normalized_impact
monetary,49082.783643819756,0.759729434994781
behavioral,5036.412057372914,0.07795626496075096
identity,10486.414379134065,0.1623143000444681
