group,impact,normalized_impact
monetary,72469.66023240797,0.7841194213677443
behavioral,6381.506103766605,0.06904769330355577
identity,13570.546807977258,0.1468328853287001
