group,impact,normalized_impact
monetary,50915.97660551885,0.745604307377182
behavioral,5824.999433988039,0.08530023301134854
identity,11547.224688069888,0.16909545961146963
