group,impact,normalized_impact
monetary,49425.01017122357,0.7778500390926244
behavioral,4533.549695943958,0.07134893439579969
identity,9581.978395038783,0.150801026511576
