group,impact,normalized_impact
monetary,31141.932536825407,0.6966558934272944
behavioral,4222.921010073139,0.09446821598712811
identity,9337.176294000943,0.20887589058557754
