group,impact,normalized_impact
monetary,42436.382077044,0.6993978919875172
behavioral,5658.944405276195,0.09326558000960523
identity,12580.266857617116,0.2073365280028774
