group,impact,normalized_impact
monetary,39332.21243179958,0.7347661806815684
behavioral,4281.771617485751,0.0799878975378249
identity,9916.25926609842,0.18524592178060664
