group,impact,normalized_impact
monetary,55315.30989728888,0.7478968595895003
behavioral,5747.034810520758,0.07770342956987893
identity,12898.802725875146,0.17439971084062075
