group,impact,normalized_impact
monetary,6074.142340676164,0.5424914993934745
behavioral,746.6938507694267,0.06668843829673925
identity,4375.914997222396,0.3908200623097863
