group,impact,normalized_impact
monetary,52022.45344819249,0.7792540485781171
behavioral,5381.2464362825995,0.0806066956462523
identity,9355.598374053556,0.14013925577563058
