group,impact,normalized_impact
monetary,0.013354020668626192,0.30500779673753
temporal,0.014253240024267165,0.3255460991150423
identity,0.0027848317758115497,0.06360596746869691
behavioral,0.000155307014827004,0.0035472350676794785
device,0.013235155623142302,0.3022929016110514
