group,impact,normalized_impact
monetary,38494.52805517921,0.7352022017998217
behavioral,4625.3622978680305,0.0883392190349748
identity,9239.212980623643,0.1764585791652037
