group,impact,normalized_impact
monetary,35601.95683212245,0.7139502112001331
behavioral,4508.44083572899,0.09041082494509965
identity,9755.764248784753,0.19563896385476712
