group,impact,normalized_impact
monetary,12467.323956319247,0.6795145607200909
behavioral,707.7960914273481,0.038577464725449054
identity,5172.277752099597,0.28190797455446004
