group,impact,normalized_impact
monetary,53407.377069912785,0.7658056682197258
behavioral,5221.680008919701,0.07487340453409137
identity,11111.060141857872,0.15932092724618285
