group,impact,normalized_impact
monetary,29629.495259282994,0.736918192986389
behavioral,3706.0789831162565,0.09217426768170182
identity,6871.731726270542,0.17090753933190925
