group,impact,normalized_impact
monetary,42038.80672182428,0.6892868896729523
behavioral,5839.01044760297,0.09573900079582157
identity,13111.021225236755,0.21497410953122623
