group,impact,normalized_impact
monetary,59645.76442155629,0.7649710033235786
behavioral,5815.65581154254,0.07458715810392857
identity,12509.85470727489,0.16044183857249275
