group,impact,normalized_impact
monetary,18286.64778971582,0.8171795533235592
behavioral,819.0161462752435,0.0365995592125082
identity,3272.0959031312077,0.14622088746393258
