group,impact,normalized_impact
monetary,44267.71691180278,0.697130820626363
behavioral,5973.84885476625,0.09407655160347088
identity,13258.30484886124,0.2087926277701661
