group,impact,normalized_impact
monetary,51865.133222817225,0.757095149617353
behavioral,5247.363159214029,0.07659776326138855
identity,11392.93949221866,0.16630708712125838
