group,impact,normalized_impact
monetary,29668.654246190665,0.6702504411123634
behavioral,4248.532427303362,0.09597943708032786
identity,10347.840883894622,0.23377012180730875
