group,impact,normalized_impact
monetary,49363.55857382261,0.7629363168187512
behavioral,4568.995928197821,0.07061591639115859
identity,10769.514970377984,0.16644776679009018
