group,impact,normalized_impact
monetary,40788.11985561297,0.7529244412586189
behavioral,3936.1908459038427,0.07265974268562919
identity,9448.615053728823,0.1744158160557518
