group,impact,normalized_impact
monetary,45260.84353756282,0.7505285659401953
behavioral,4707.150078538532,0.07805534148250737
identity,10337.297336900645,0.1714160925772974
