group,impact,normalized_impact
monetary,26878.479100411645,0.6697816238728522
behavioral,3554.623245644235,0.08857723388401546
identity,9697.110461206976,0.24164114224313238
