group,impact,normalized_impact
monetary,0.012687882008187427,0.2893301422401788
temporal,0.01818770363008658,0.41474620231489084
identity,0.0023636392755187036,0.053899625433858886
behavioral,2.325763151021827e-05,0.0005303591118422159
device,0.01059012786697468,0.24149367089922916
