group,impact,normalized_impact
monetary,0.038930715289631795,0.42497450441662415
temporal,0.023116544092513125,0.25234424275161377
identity,0.010519447098094315,0.11483212635551368
behavioral,1.5434740846770688e-05,0.00016848833352677497
device,0.019025037292065526,0.2076806381427216
