group,impact,normalized_impact
monetary,45079.80385280671,0.7344582293757312
behavioral,4653.307895851777,0.0758135569774583
identity,11645.19684640384,0.1897282136468103
