group,impact,normalized_impact
monetary,34693.63377913378,0.7042049527081737
behavioral,4920.824084538957,0.09988197586331123
identity,9651.92920973798,0.19591307142851497
