group,impact,normalized_impact
monetary,60757.20337228456,0.7963842589142278
behavioral,4968.996353281364,0.06513187340286038
identity,10565.116548213204,0.1384838676829118
