group,impact,normalized_impact
monetary,48487.36692159044,0.7537482000248921
behavioral,4986.859441506868,0.07752197255609702
identity,10854.108908534752,0.16872982741901096
