group,impact,normalized_impact
monetary,0.01535513708624854,0.33790161607749297
temporal,0.011549511829305588,0.25415590170949987
identity,0.003269726655081847,0.07195285295585334
behavioral,0.00011749075722894425,0.002585474588656242
device,0.015150760625203739,0.33340415466849754
