group,impact,normalized_impact
monetary,58277.08112553501,0.7926318023073441
behavioral,5013.509866372584,0.06818919692817871
identity,10232.930214144126,0.13917900076447717
