group,impact,normalized_impact
monetary,55505.23347506661,0.7733665977927614
behavioral,5026.547091800259,0.07003598362984817
identity,11239.141054886844,0.15659741857739037
