group,impact,normalized_impact
monetary,54851.15719415108,0.772027751129218
behavioral,4880.938609123459,0.068699007469676
identity,11316.071978158463,0.15927324140110605
