group,impact,normalized_impact
monetary,43404.25578887707,0.7430374296803395
behavioral,4248.228853631247,0.07272542728183204
identity,10762.144358819276,0.18423714303782848
