group,impact,normalized_impact
monetary,68162.750048897,0.8213486528194952
behavioral,4699.2281741960205,0.056624838748415125
identity,10126.835132733937,0.12202650843208972
