group,impact,normalized_impact
monetary,41438.303000738306,0.7133851719639854
behavioral,4813.748255367637,0.082871555499886
identity,11834.806488156617,0.20374327253612856
