group,impact,normalized_impact
monetary,57157.51609102748,0.7571186758518542
behavioral,5859.74935371957,0.07761928745200247
identity,12476.204620190994,0.16526203669614342
