group,impact,normalized_impact
monetary,55160.162421002045,0.7824586701177375
behavioral,4940.71335014145,0.07008507277187967
identity,10395.06801167896,0.1474562571103828
