group,impact,normalized_impact
monetary,67760.79047891573,0.8384485513422943
behavioral,4127.339302681777,0.05107026696077918
identity,8928.743681223435,0.11048118169692646
