group,impact,normalized_impact
monetary,50147.23050472254,0.7229067404646379
behavioral,6198.507659598156,0.08935574154036699
identity,13023.141246723564,0.18773751799499502
