group,impact,normalized_impact
monetary,14793.297023365776,0.7330719019231643
behavioral,933.1605122011592,0.04624214266761591
identity,4453.414294954148,0.2206859554092199
