group,impact,normalized_impact
monetary,55106.490622102196,0.7789315975753017
behavioral,4453.713558913223,0.06295335047511903
identity,11186.047214666189,0.1581150519495792
