group,impact,normalized_impact
monetary,52102.98501280587,0.7712110738582526
behavioral,4642.968228336503,0.0687236731712219
identity,10814.001197974401,0.16006525297052546
