group,impact,normalized_impact
monetary,34916.943737511254,0.809989747762369
behavioral,2628.770662593566,0.060981204481301635
identity,5562.169167521549,0.12902904775632937
