group,impact,normalized_impact
monetary,45931.49718440081,0.74685131476773
behavioral,4817.336527798664,0.07833043423385151
identity,10751.355517145941,0.1748182509984185
