group,impact,normalized_impact
monetary,32407.762435403245,0.6999892978944069
behavioral,3968.4206392154947,0.0857156362624874
identity,9921.32823432122,0.2142950658431057
