group,impact,normalized_impact
monetary,76356.01350544143,0.8511566715530605
behavioral,4272.672205983128,0.04762838297238639
identity,9079.84393696399,0.10121494547455326
