group,impact,normalized_impact
monetary,8640.79816709525,0.6129818117561051
behavioral,638.2185660151291,0.04527549021826663
identity,4817.320224001937,0.3417426980256282
