group,impact,normalized_impact
monetary,34365.61007254356,0.6782731663485906
behavioral,4854.347157036199,0.09581012558216816
identity,11446.369816125241,0.2259167080692413
