group,impact,normalized_impact
monetary,68728.08613139059,0.7916060756442883
behavioral,5732.739240147392,0.06602935521745011
identity,12360.244155313218,0.1423645691382615
