group,impact,normalized_impact
monetary,5804.351025127118,0.4570396488253942
behavioral,985.905299761238,0.07763104092556203
identity,5909.628772705423,0.4653293102490438
