group,impact,normalized_impact
monetary,44717.682707030806,0.7810174616691151
behavioral,4141.160442268248,0.07232750941444416
identity,8396.832814032783,0.14665502891644058
