group,impact,normalized_impact
monetary,34944.99325841185,0.7127348407596605
behavioral,4686.602387483504,0.09558750753351003
identity,9397.84877016002,0.19167765170682957
