group,impact,normalized_impact
monetary,39443.702198782456,0.7356723376739347
behavioral,4415.622484403199,0.08235665351633148
identity,9756.531424027024,0.1819710088097339
