group,impact,normalized_impact
monetary,43269.823701653775,0.7552875748724789
behavioral,4106.451680552595,0.07167932905206274
identity,9912.928281655511,0.1730330960754583
