group,impact,normalized_impact
monetary,48994.318889624585,0.7414428911479791
behavioral,5186.199797352111,0.07848401730989503
identity,11899.174671154331,0.1800730915421258
