group,impact,normalized_impact
monetary,25906.869913136747,0.7247781188108076
behavioral,2596.7288764710074,0.07264684141545079
identity,7240.954254631359,0.20257503977374172
