group,impact,normalized_impact
monetary,61683.04186273318,0.8049262697029278
behavioral,4628.692027686305,0.06040162247089495
identity,10320.181583650434,0.13467210782617708
