group,impact,normalized_impact
monetary,30583.45190372756,0.7062390072855882
behavioral,3898.138059743495,0.09001656066298627
identity,8823.086765267399,0.20374443205142548
