group,impact,normalized_impact
monetary,60641.949733341404,0.8189038983115444
behavioral,4291.976161984663,0.05795849285790763
identity,9118.658123843827,0.12313760883054792
