group,impact,normalized_impact
monetary,63181.32332224668,0.8178986122725111
behavioral,4148.365710825494,0.05370166972885098
identity,9918.667149730149,0.1283997179986378
