group,impact,normalized_impact
monetary,34339.727700183386,0.7245922268775024
behavioral,3449.1209736345936,0.07277886035894346
identity,9602.948293373021,0.2026289127635543
