group,impact,normalized_impact
monetary,57560.658230408095,0.7811755112260645
behavioral,5158.341410979501,0.07000562732744695
identity,10965.668404677926,0.14881886144648854
