group,impact,normalized_impact
monetary,38096.663067628346,0.7122358392888458
behavioral,4771.355585348653,0.08920283763025859
identity,10620.813228422217,0.19856132308089558
