group,impact,normalized_impact
monetary,50403.73902094029,0.7647546868460036
behavioral,4860.92737300857,0.07375280213600682
identity,10643.709047089715,0.16149251101798956
