group,impact,normalized_impact
monetary,15499.849547770502,0.6325931284556018
behavioral,2181.5032523167183,0.0890333782186681
identity,6820.730530491277,0.27837349332573014
