group,impact,normalized_impact
monetary,63056.71390067295,0.8387403987923272
behavioral,3493.4846012984585,0.04646811554886073
identity,8630.05273126607,0.1147914856588121
