group,impact,normalized_impact
monetary,44583.34681543684,0.6989729705137577
behavioral,6198.491271513884,0.09717928702592418
identity,13002.240405622846,0.203847742460318
