group,impact,normalized_impact
monetary,8.954901475131521,0.8326587648927383
behavioral,0.22136471912160485,0.020583283258503553
identity,1.5783212222200278,0.1467579518487582
