group,impact,normalized_impact
monetary,27310.211427036786,0.8298865059860749
behavioral,1144.6183542929857,0.03478198362797529
identity,4453.539290880486,0.13533151038594962
