group,impact,normalized_impact
monetary,46205.43691352236,0.7149977560739953
behavioral,5747.689370604877,0.08894158949918167
identity,12670.065216826988,0.19606065442682294
