group,impact,normalized_impact
monetary,40464.28470703659,0.6998152154258214
behavioral,5640.12556702642,0.0975439382481139
identity,11716.974307315391,0.20264084632606477
