group,impact,normalized_impact
monetary,49119.77134480074,0.723866616082092
behavioral,5927.770162757066,0.08735616659342484
identity,12809.948054069087,0.18877721732448316
