group,impact,normalized_impact
monetary,48286.31550088689,0.719171897158474
behavioral,6124.961728180333,0.09122461095623643
identity,12730.272227566642,0.18960349188528947
