group,impact,normalized_impact
monetary,5360.344084812709,0.5675877904617549
behavioral,320.0126927074187,0.03388500706291258
identity,3763.722490731677,0.39852720247533246
