group,impact,normalized_impact
monetary,41799.430570714576,0.7084502737353714
behavioral,5018.200933644297,0.08505249417417177
identity,12183.58865231226,0.20649723209045687
