group,impact,normalized_impact
monetary,24009.554075882384,0.6573217328920237
behavioral,3684.6032598096162,0.10087525124802409
identity,8832.178056030643,0.24180301585995215
