group,impact,normalized_impact
monetary,17895.29142810838,0.6473289801426281
behavioral,2578.046794136188,0.09325606172509009
identity,7171.479138111293,0.2594149581322818
