group,impact,normalized_impact
monetary,56284.99529588956,0.7658279771860835
behavioral,5554.062929671289,0.07556999438720753
identity,11656.553024762068,0.158602028426709
