group,impact,normalized_impact
monetary,60556.1497413945,0.7612407208197074
behavioral,5744.076684101233,0.0722077789641882
identity,13249.051595505784,0.1665515002161044
