group,impact,normalized_impact
monetary,57019.960497624845,0.773945592425435
behavioral,5148.280673992968,0.06987884771284399
identity,11506.13730624447,0.15617555986172102
