group,impact,normalized_impact
monetary,47957.416056177404,0.737373642759796
behavioral,5139.219483310746,0.07901853984192778
identity,11941.512388725536,0.18360781739827622
