group,impact,normalized_impact
monetary,40191.01342472786,0.737053545230008
behavioral,4428.83690141137,0.08121939859875121
identity,9909.449050862868,0.18172705617124082
