group,impact,normalized_impact
monetary,36166.848152552,0.7135489287424603
behavioral,5076.512874972468,0.10015637272025635
identity,9442.508848689193,0.1862946985372833
