group,impact,normalized_impact
monetary,61614.816187156895,0.7985067435714271
behavioral,4878.513584465367,0.06322385161334623
identity,10669.219803822118,0.1382694048152267
