group,impact,normalized_impact
monetary,52231.001542932274,0.7512903352085354
behavioral,5045.369617086626,0.0725725588041092
identity,12245.355787838793,0.1761371059873554
