group,impact,normalized_impact
monetary,64703.59155611064,0.8238402234538086
behavioral,4264.270884927424,0.05429494397787262
identity,9571.142713204033,0.1218648325683187
