group,impact,normalized_impact
monetary,37735.11573982931,0.6939547169270008
behavioral,5095.6108540748155,0.0937090855157302
identity,11546.187085607298,0.21233619755726896
