group,impact,normalized_impact
monetary,55694.09986473363,0.7649768157297561
behavioral,5101.479768799134,0.07007050582600162
identity,12009.371731697536,0.16495267844424236
