group,impact,normalized_impact
monetary,39883.311900613626,0.6979170220862916
behavioral,5492.882316154956,0.09611980264613725
identity,11770.014628216988,0.20596317526757116
