group,impact,normalized_impact
monetary,39663.78815506795,0.8444286572777678
behavioral,1830.677706178464,0.03897451023318617
identity,5476.687726712494,0.11659683248904593
