group,impact,normalized_impact
monetary,43194.79419001402,0.7656963764161737
behavioral,4737.986873970031,0.08398834741397965
identity,8479.650182179568,0.1503152761698466
