group,impact,normalized_impact
monetary,59479.976198455865,0.8200508474414602
behavioral,4177.5752614608355,0.05759625931895336
identity,8874.5072337997,0.12235289323958644
