group,impact,normalized_impact
monetary,58134.05496398049,0.7910521684082056
behavioral,4844.596011246061,0.06592225816919922
identity,10510.882693533531,0.14302557342259525
