group,impact,normalized_impact
monetary,78850.0690670042,0.8527651992324523
behavioral,4258.139555239969,0.04605187121774274
identity,9355.77693670538,0.10118292954980503
