group,impact,normalized_impact
monetary,45392.33208757773,0.7330579053561218
behavioral,4671.229180294099,0.0754374433051412
identity,11858.330244267303,0.19150465133873704
