group,impact,normalized_impact
monetary,53214.940325745294,0.7898797598609552
behavioral,4975.077658138969,0.07384605003492269
identity,9180.920011935354,0.13627419010412226
