group,impact,normalized_impact
monetary,73682.60559554862,0.8372683378856351
behavioral,4421.174033441732,0.05023857401028879
identity,9899.793731517088,0.1124930881040761
