group,impact,normalized_impact
monetary,65419.24226793312,0.7880069953024529
behavioral,5431.144389458413,0.06542080927600012
identity,12168.219342195951,0.146572195421547
