group,impact,normalized_impact
monetary,67340.7356155808,0.8377871888941765
behavioral,4111.049411973775,0.05114563271069579
identity,8927.500438085108,0.11106717839512785
