group,impact,normalized_impact
monetary,46195.349091240656,0.8197879205535069
behavioral,3125.839021844192,0.055471494903987034
identity,7029.177552281798,0.12474058454250604
