group,impact,normalized_impact
monetary,37107.12450735182,0.6729056365535329
behavioral,5666.756063912807,0.1027617242512379
identity,12370.737769883375,0.22433263919522925
