group,impact,normalized_impact
monetary,44197.48253696867,0.7403217853585351
behavioral,4825.46966323271,0.08082814022924904
identity,10677.415141499889,0.17885007441221576
