group,impact,normalized_impact
monetary,61125.72735822923,0.8155336684621829
behavioral,4305.643054524873,0.057445482076094366
identity,9520.44300960455,0.12702084946172276
