group,impact,normalized_impact
monetary,54443.14462595962,0.7733571658970391
behavioral,5018.1633633951715,0.07128230052444806
identity,10937.140524158964,0.1553605335785129
