group,impact,normalized_impact
monetary,33560.000885002475,0.7110118645445548
behavioral,4115.478496898952,0.08719171520882782
identity,9524.859400770843,0.20179642024661731
