group,impact,normalized_impact
monetary,35197.242735815984,0.7129248799054655
behavioral,4522.690287568707,0.09160769933928706
identity,9650.265335358476,0.1954674207552474
