group,impact,normalized_impact
monetary,49415.736687660035,0.7697739763883048
behavioral,4476.374247956911,0.06973075047796412
identity,10303.014131501146,0.1604952731337311
