group,impact,normalized_impact
monetary,31963.49849097786,0.724236635134292
behavioral,3748.5089020835785,0.08493461611476111
identity,8422.046230242233,0.19082874875094688
