group,impact,normalized_impact
monetary,3.595543209639562,0.4904118683608956
behavioral,0.10763029150006913,0.01468016632515119
identity,3.628507156706093,0.49490796531395315
