group,impact,normalized_impact
monetary,0.010058016518798327,0.2521182006185164
temporal,0.015577821177088298,0.3904797966263184
identity,0.0036357752062503293,0.09113577226086758
behavioral,3.9159426596906436e-05,0.0009815855991499674
device,0.010583279326891157,0.2652846448951476
