group,impact,normalized_impact
monetary,5.090846952110379,0.8301594110756585
behavioral,0.09918896597915594,0.01617464723592309
identity,0.9423368336859828,0.15366594168841843
