group,impact,normalized_impact
monetary,63639.45942792866,0.8525026048089734
behavioral,3556.5130607913493,0.047642401045147345
identity,7454.191708946949,0.0998549941458791
