group,impact,normalized_impact
monetary,6769.341035289127,0.5312960924606818
behavioral,1014.5376316257598,0.07962663965770467
identity,4957.304886566805,0.3890772678816135
