group,impact,normalized_impact
monetary,53866.547652391135,0.7589585489437976
behavioral,5440.397813203933,0.07665307338111872
identity,11667.34914819426,0.1643883776750837
