group,impact,normalized_impact
monetary,6.775421015114691,0.7677773178009323
behavioral,0.8773684289377846,0.09942165624694649
identity,1.1719320709316492,0.1328010259521212
