group,impact,normalized_impact
monetary,50187.52367230742,0.785981590453226
behavioral,3973.3633092829537,0.06222642969336062
identity,9692.419866687633,0.1517919798534133
