group,impact,normalized_impact
monetary,54624.664845195395,0.7328314457683439
behavioral,5749.557145778156,0.07713468426047325
identity,14164.971381007987,0.19003386997118274
