group,impact,normalized_impact
monetary,55543.11247492011,0.7564610292717813
behavioral,5450.242764175675,0.0742287579406188
identity,12431.593734666338,0.16931021278760003
