group,impact,normalized_impact
monetary,39183.485538523346,0.6914428891913852
behavioral,5160.641781120558,0.09106614723469666
identity,12325.029527636521,0.21749096357391814
