group,impact,normalized_impact
monetary,8600.8426196289,0.6175891194666927
behavioral,661.0508366275959,0.04746718689908693
identity,4664.586704300727,0.33494369363422044
