group,impact,normalized_impact
monetary,45952.57992001691,0.8145683300667252
behavioral,3151.3916683410666,0.05586245327541621
identity,7309.441779005216,0.12956921665785856
