group,impact,normalized_impact
monetary,36414.21565688629,0.7040620718524607
behavioral,5381.218803669289,0.10404486247080091
identity,9924.743507669138,0.19189306567673828
