group,impact,normalized_impact
monetary,61446.978662221234,0.7784748347008621
behavioral,5638.449101064022,0.07143379263688224
identity,11847.089927967969,0.15009137266225556
