group,impact,normalized_impact
monetary,11571.3122169377,0.5864811885864853
behavioral,1681.689514073914,0.08523486762407252
identity,6477.063686476776,0.3282839437894422
