group,impact,normalized_impact
monetary,28431.68202433234,0.6637431904001244
behavioral,3877.6729011393145,0.09052503402815314
identity,10526.010371749497,0.2457317755717225
