group,impact,normalized_impact
monetary,32664.371935485357,0.6880462690832128
behavioral,4195.322958928649,0.088370788674315
identity,10614.397188098117,0.22358294224247227
