group,impact,normalized_impact
monetary,57957.16582006158,0.8077388034909488
behavioral,4266.428357545538,0.059460459943864556
identity,9528.766325042689,0.13280073656518648
