group,impact,normalized_impact
monetary,4.773725569295331,0.5711192407747654
behavioral,0.009380400921604491,0.0011222529185523507
identity,3.575438495592726,0.4277585063066823
