group,impact,normalized_impact
monetary,19306.0640608944,0.7398376941985015
behavioral,1857.419058602251,0.07117911911730071
identity,4931.516111124468,0.18898318668419775
