group,impact,normalized_impact
monetary,41446.588387566415,0.7558642346339042
behavioral,4360.809462041701,0.07952837699421506
identity,9025.978950711962,0.16460738837188071
