group,impact,normalized_impact
monetary,3.727052258304691,0.544379865933197
behavioral,0.389991929458765,0.056962913197884976
identity,2.729374079223024,0.39865722086891797
