group,impact,normalized_impact
monetary,46839.11225600174,0.7454645032353935
behavioral,4772.755627810052,0.07596044698079123
identity,11220.248270230577,0.17857504978381522
