group,impact,normalized_impact
monetary,27167.75625217255,0.684951697792304
behavioral,3892.861929223953,0.09814658093009586
identity,8603.136707799424,0.21690172127760013
