group,impact,normalized_impact
monetary,33903.18681266874,0.8631898117513139
behavioral,1208.750966000006,0.030775322820268906
identity,4164.692171217977,0.10603486542841715
