group,impact,normalized_impact
monetary,52309.9892194102,0.7651306598843166
behavioral,4907.664680552452,0.07178370272209339
identity,11149.740013279797,0.16308563739359014
