group,impact,normalized_impact
monetary,70505.78531304239,0.8330090058735279
behavioral,4502.63370787187,0.05319754133868444
identity,9631.464600880552,0.11379345278778769
