group,impact,normalized_impact
monetary,59384.11720857195,0.7783839039090412
behavioral,5507.820048669857,0.07219436228132195
identity,11399.616191313755,0.14942173380963691
