group,impact,normalized_impact
monetary,45654.95738954282,0.7694466144596249
behavioral,3844.2768906580854,0.06478958710494283
identity,9835.561053983349,0.16576379843543232
