group,impact,normalized_impact
monetary,55876.70696430196,0.8035708882711652
behavioral,3918.351713897072,0.05635037457212199
identity,9740.445631218345,0.14007873715671276
