group,impact,normalized_impact
monetary,62186.149902592275,0.8185398614301156
behavioral,4158.175749513577,0.054732968790322675
identity,9627.72266566754,0.12672716977956178
