group,impact,normalized_impact
monetary,5103.037068258162,0.5001694356930617
behavioral,389.8748427942409,0.038213220382872476
identity,4709.704850579822,0.46161734392406584
