group,impact,normalized_impact
monetary,70719.82575272766,0.7947203385170571
behavioral,5949.304753415639,0.06685584186967902
identity,12317.928620455106,0.13842381961326392
