group,impact,normalized_impact
monetary,20187.048206755433,0.634559956157907
behavioral,3595.9135864856403,0.11303399805744538
identity,8029.710927210249,0.2524060457846477
