group,impact,normalized_impact
monetary,55044.598523131936,0.7969044934364169
behavioral,4300.982172402085,0.0622671817278635
identity,9727.437434616373,0.14082832483571966
