group,impact,normalized_impact
monetary,35573.73703120965,0.7487249800731318
behavioral,3981.136040060823,0.08379147795599501
identity,7957.548683023046,0.16748354197087317
