group,impact,normalized_impact
monetary,2.4843516966289148,0.5114463348530252
behavioral,0.37620787302430864,0.07744883224956496
identity,1.9969426301481406,0.41110483289740984
