group,impact,normalized_impact
monetary,3.9587426562185293,0.5009966190770269
behavioral,0.2656729075097442,0.03362209671135494
identity,3.677319708480985,0.46538128421161823
