group,impact,normalized_impact
monetary,0.013436701712197784,0.31314301647028997
temporal,0.015833115961209492,0.36899157236750707
identity,0.0025959740820702443,0.06049930795146036
behavioral,0.00012022412331529911,0.002801829305570784
device,0.010923137464796484,0.2545642739051717
