group,impact,normalized_impact
monetary,47707.21535523276,0.7448498387446368
behavioral,4607.8984900676205,0.0719428376131801
identity,11734.326556859161,0.18320732364218312
