group,impact,normalized_impact
monetary,55553.926137615665,0.7728113183252814
behavioral,4736.265857452294,0.06588624991453793
identity,11595.305564677477,0.16130243176018075
