group,impact,normalized_impact
monetary,73582.77892455968,0.8075984479823788
behavioral,5623.059691770856,0.061715177740735094
identity,11907.237576908006,0.130686374276886
