group,impact,normalized_impact
monetary,37213.72528721181,0.743592347488259
behavioral,4384.086993104149,0.08760137593414545
identity,8448.056821099719,0.16880627657759556
