group,impact,normalized_impact
monetary,17186.04546826846,0.7200181661903063
behavioral,1188.2899185707581,0.04978401399271689
identity,5494.569975926387,0.23019781981697673
