group,impact,normalized_impact
monetary,10135.195834326285,0.6309031109425735
behavioral,1127.4120449103787,0.07017997264927714
identity,4801.975823931693,0.29891691640814927
