group,impact,normalized_impact
monetary,74041.28265641775,0.8346057974266597
behavioral,4751.210849364386,0.053556448205753074
identity,9921.583109440593,0.11183775436758722
