group,impact,normalized_impact
monetary,0.010219650374560513,0.2957753429209483
temporal,0.011721512939747712,0.33924198795844857
identity,0.0030146197055115616,0.08724859897296387
behavioral,5.8527978502025477e-05,0.0016939065699349744
device,0.009537759074983495,0.27604016357770417
