group,impact,normalized_impact
monetary,16927.096906262275,0.6717689507445931
behavioral,1851.565914703962,0.07348126489988803
identity,6419.133069272762,0.25474978435551876
