group,impact,normalized_impact
monetary,13368.622733577307,0.7348057563850307
behavioral,483.4242488488615,0.02657139242459563
identity,4341.363476612598,0.23862285119037382
