group,impact,normalized_impact
monetary,47501.81827973525,0.7682327266936622
behavioral,4066.2267205015337,0.06576187089196475
identity,10264.543783340145,0.16600540241437317
