group,impact,normalized_impact
monetary,8.090569894302638,0.9103071952836902
behavioral,0.13107766486781083,0.014748150381121846
identity,0.6660882911226756,0.07494465433518792
