group,impact,normalized_impact
monetary,55141.2250474872,0.7634531663716086
behavioral,4959.124706876141,0.06866114158029206
identity,12125.724452063308,0.16788569204809925
