group,impact,normalized_impact
monetary,65615.0565334585,0.7964767899690713
behavioral,5303.474103975182,0.06437690147937761
identity,11463.099762626633,0.13914630855155108
