group,impact,normalized_impact
monetary,35990.35778186882,0.7190349863119895
behavioral,4506.000467139767,0.09002333357863672
identity,9557.33658782734,0.19094168010937376
