group,impact,normalized_impact
monetary,27540.932562636877,0.7146273125633206
behavioral,2937.8783217302566,0.07623155406670508
identity,8060.063964747419,0.20914113336997442
