group,impact,normalized_impact
monetary,64809.34290206463,0.8038138583505821
behavioral,4650.426656695639,0.057678063478342034
identity,11167.532681403585,0.138508078171076
