group,impact,normalized_impact
monetary,63109.36626783619,0.7934663279468797
behavioral,5108.083124036134,0.06422330311597572
identity,11318.838469433345,0.1423103689371446
