group,impact,normalized_impact
monetary,49020.67900196243,0.7705478478528862
behavioral,4255.583596554653,0.06689280622881541
identity,10341.69329942932,0.16255934591829838
