group,impact,normalized_impact
monetary,46374.29622312731,0.762446228637947
behavioral,4430.628274990803,0.0728445732633823
identity,10018.113876629332,0.16470919809867077
