group,impact,normalized_impact
monetary,50313.078455743256,0.7366336916797914
behavioral,5344.22774314349,0.07824482882859594
identity,12644.04768164406,0.18512147949161264
