group,impact,normalized_impact
monetary,60426.39678895816,0.8131493330148971
behavioral,4399.210843530112,0.05919954776886655
identity,9485.954015009425,0.12765111921623634
