group,impact,normalized_impact
monetary,49839.222495348105,0.761139564424888
behavioral,5248.656934428275,0.08015695777074545
identity,10391.862820918857,0.15870347780436658
