group,impact,normalized_impact
monetary,6.869774379710595,0.8227094153934614
behavioral,0.0396993503590603,0.004754308878303893
identity,1.4407095195350919,0.17253627572823474
