group,impact,normalized_impact
monetary,49882.22196970375,0.7668845314676442
behavioral,4373.12054404984,0.06723193889622772
identity,10789.941258290188,0.16588352963612812
