group,impact,normalized_impact
monetary,38825.00592380407,0.7158915699352184
behavioral,4674.711316983194,0.08619667516025281
identity,10733.364351886577,0.19791175490452878
