group,impact,normalized_impact
monetary,68018.12638588238,0.8376536264931134
behavioral,4022.8980226714384,0.04954260425500531
identity,9159.75385422802,0.11280376925188128
