group,impact,normalized_impact
monetary,76008.57810618631,0.8304356565586787
behavioral,5411.633045216552,0.05912507710222885
identity,10108.346787890703,0.11043926633909253
