group,impact,normalized_impact
monetary,8.925859242245568,0.7862523768286338
behavioral,0.2833695067649438,0.024961176528551517
identity,2.1431811200040882,0.18878644664281474
