group,impact,normalized_impact
monetary,60799.64418949903,0.7772445596317844
behavioral,5827.6060021878475,0.0744983810556632
identity,11597.349049384093,0.1482570593125523
