group,impact,normalized_impact
monetary,39468.51018742971,0.701335875315743
behavioral,4751.438963778239,0.08443071676244969
identity,12056.239728565095,0.2142334079218073
