group,impact,normalized_impact
monetary,2.6380064516518926,0.4039487651263278
behavioral,0.49500524093711645,0.07579843320034252
identity,3.397535444563156,0.5202528016733297
