group,impact,normalized_impact
monetary,63265.70134722739,0.8073763937483237
behavioral,4524.689723848964,0.057742625060322246
identity,10569.221418347806,0.13488098119135397
