group,impact,normalized_impact
monetary,0.014750022673518718,0.24074375747047896
temporal,0.02457920818333661,0.40117165001577526
identity,0.008023954172495929,0.13096365476954033
behavioral,0.00010075777341643356,0.0016445266223339796
device,0.01381461439056859,0.22547641112187153
