group,impact,normalized_impact
monetary,52971.763017645746,0.779311535027449
behavioral,4480.6819819199845,0.06591902844798096
identity,10520.067451157793,0.1547694365245699
