group,impact,normalized_impact
monetary,44300.87349556813,0.753472907892136
behavioral,4432.469505140607,0.07538780668773086
identity,10062.232834262173,0.1711392854201332
