group,impact,normalized_impact
monetary,4.49785672592476,0.7305654433276135
behavioral,0.369762755259989,0.06005880304402398
identity,1.2890592489748824,0.20937575362836244
