group,impact,normalized_impact
monetary,2.818951715822222,0.6553162088529733
behavioral,0.549499848806094,0.12774115841138484
identity,0.9332148335771379,0.21694263273564204
