group,impact,normalized_impact
monetary,22988.99151806099,0.7939263060898468
behavioral,945.3194292366989,0.032646667512110025
identity,5021.766388498993,0.17342702639804328
