group,impact,normalized_impact
monetary,40427.5669002298,0.740894325182138
behavioral,3794.804266474995,0.06954534150291168
identity,10343.53050934229,0.18956033331495029
