group,impact,normalized_impact
monetary,33177.94730142406,0.7042410687253546
behavioral,4332.247205898468,0.09195705733529261
identity,9601.439242573211,0.20380187393935287
