group,impact,normalized_impact
monetary,47264.90663960212,0.7335660137208654
behavioral,5626.949650243994,0.08733200418254866
identity,11539.845500508696,0.179101982096586
