group,impact,normalized_impact
monetary,65138.33729176615,0.792156915954293
behavioral,5405.4556448592275,0.06573654242630898
identity,11685.29069549252,0.142106541619398
