group,impact,normalized_impact
monetary,42751.7040912062,0.7134287104452721
behavioral,5186.264080898896,0.08654695231260759
identity,11986.315032762835,0.20002433724212043
