group,impact,normalized_impact
monetary,51736.863313302616,0.7658286195629828
behavioral,5096.809206805975,0.07544489768131163
identity,10723.039245019827,0.15872648275570556
