group,impact,normalized_impact
monetary,54296.049688705214,0.786293024504553
behavioral,4355.683763781398,0.06307721795682483
identity,10401.4668133016,0.1506297575386222
