group,impact,normalized_impact
monetary,49319.668321368976,0.7717593090870377
behavioral,4044.8604625090798,0.06329439799875837
identity,10540.976132819724,0.1649462929142038
