group,impact,normalized_impact
monetary,28155.659029390332,0.7158883956357626
behavioral,3348.104143039224,0.0851292062061067
identity,7825.913354015595,0.19898239815813068
