group,impact,normalized_impact
monetary,46580.07295064947,0.7636155073516628
behavioral,4116.243228727526,0.06748008241244693
identity,10303.064401822037,0.16890441023589023
