group,impact,normalized_impact
monetary,6264.605846616083,0.5564887748400178
behavioral,662.5493574925515,0.05885466528133295
identity,4330.225231672955,0.38465655987864916
