group,impact,normalized_impact
monetary,37792.71480533297,0.7338224603504379
behavioral,3833.8634799411034,0.07444226078993069
identity,9874.591067439684,0.1917352788596316
