group,impact,normalized_impact
monetary,45112.61313920893,0.7213850248239996
behavioral,5210.340271828688,0.08331730717385201
identity,12213.156414939587,0.1952976680021484
