group,impact,normalized_impact
monetary,33923.975881687125,0.6990584392304552
behavioral,4608.007669716115,0.09495545748494125
identity,9996.113640344662,0.2059861032846035
