group,impact,normalized_impact
monetary,56489.38808388353,0.7732841245090964
behavioral,5350.702957915032,0.07324585718959174
identity,11211.179886263822,0.15347001830131182
