group,impact,normalized_impact
monetary,67409.2963773783,0.8349437309577399
behavioral,4293.665344955909,0.05318211515710922
identity,9032.175123420699,0.11187415388515086
