group,impact,normalized_impact
monetary,13168.093142927382,0.6389976178135119
behavioral,1577.5392677707305,0.076551997557383
identity,5861.788925214317,0.28445038462910505
