group,impact,normalized_impact
monetary,45574.58576650171,0.7212782012465659
behavioral,5419.13068885312,0.08576492292441242
identity,12192.146763215156,0.19295687582902168
