group,impact,normalized_impact
monetary,26906.83344227672,0.6547047678203433
behavioral,4303.321155696796,0.10470964129394959
identity,9887.50462918548,0.24058559088570708
