group,impact,normalized_impact
monetary,32027.779453300784,0.6829155984907966
behavioral,4431.165042062562,0.09448396917819352
identity,10439.64666887466,0.2226004323310099
