group,impact,normalized_impact
monetary,54065.906360207126,0.7883314781460361
behavioral,4810.2609619049235,0.07013810346769066
identity,9706.53913958727,0.14153041838627325
