group,impact,normalized_impact
monetary,57145.2586094058,0.7843279514192851
behavioral,4658.6562715525115,0.06394081361689685
identity,11054.968327268894,0.15173123496381796
