group,impact,normalized_impact
monetary,52616.32089547886,0.7681351882087555
behavioral,4448.02136922948,0.06493577797651065
identity,11434.43464743511,0.16692903381473395
