group,impact,normalized_impact
monetary,46086.6878223094,0.737239774821408
behavioral,4699.122607126877,0.07517094971314878
identity,11726.671121730209,0.18758927546544324
