group,impact,normalized_impact
monetary,39699.65291182972,0.7545506336186126
behavioral,3953.993102265647,0.07515148828288992
identity,8959.990689701897,0.17029787809849745
