group,impact,normalized_impact
monetary,4.320150121484938,0.8147093858111034
behavioral,0.2699740828301889,0.05091267965750621
identity,0.7125643331244033,0.13437793453139035
