group,impact,normalized_impact
monetary,3.7083362899619092,0.7304299498183973
behavioral,0.29282678997694206,0.05767800997102589
identity,1.075759479005908,0.21189204021057695
