group,impact,normalized_impact
monetary,41646.70874819586,0.7612826253799944
behavioral,3763.7565945094993,0.06879973442519831
identity,9295.51028284882,0.16991764019480743
