group,impact,normalized_impact
monetary,49444.156970676915,0.7451399882984767
behavioral,5163.658154440436,0.07781805601537399
identity,11747.71235580927,0.17704195568614925
