group,impact,normalized_impact
monetary,42811.5572717656,0.7032375910559994
behavioral,5401.399911043401,0.08872528129868695
identity,12664.842605280659,0.20803712764531365
