group,impact,normalized_impact
monetary,49672.02694174513,0.7546042442434868
behavioral,4689.75440832087,0.07124550373450492
identity,11463.487087885616,0.1741502520220082
