group,impact,normalized_impact
monetary,45897.28098137159,0.7855440956230042
behavioral,3612.055843732161,0.06182129050860334
identity,8918.040119243453,0.1526346138683925
