group,impact,normalized_impact
monetary,40977.13807503367,0.7222154141967237
behavioral,4773.81861873489,0.08413777908834151
identity,10987.15394405277,0.19364680671493475
