group,impact,normalized_impact
monetary,42837.42496275673,0.7433198398186642
behavioral,4836.809088220328,0.08392885799777129
identity,9955.634907191868,0.17275130218356458
