group,impact,normalized_impact
monetary,54937.00929622065,0.74318211286229
behavioral,5809.78744514817,0.07859419659131422
identity,13174.53202236631,0.1782236905463957
