group,impact,normalized_impact
monetary,28257.37093622467,0.6940303475272934
behavioral,3523.1918201057288,0.0865332464521198
identity,8934.329664297384,0.21943640602058662
