group,impact,normalized_impact
monetary,39801.280905295745,0.7338699683136451
behavioral,4421.906714735507,0.08153266595490562
identity,10011.59868244525,0.18459736573144928
