group,impact,normalized_impact
monetary,13304.650101958232,0.7172526968257241
behavioral,398.2237442144041,0.021468212413626644
identity,4846.586003667366,0.2612790907606493
