group,impact,normalized_impact
monetary,4.969863219712846,0.504382886242822
behavioral,0.3867927938603752,0.03925493662911977
identity,4.496698164903474,0.4563621771280582
