group,impact,normalized_impact
monetary,6.606089108063252,0.8946937974603926
behavioral,0.055608489277706015,0.007531319912439478
identity,0.7219336816673209,0.09777488262716802
