group,impact,normalized_impact
monetary,40657.69175126164,0.7071166170278892
behavioral,5544.1093917325725,0.09642288355911975
identity,11296.058152339074,0.19646049941299118
