group,impact,normalized_impact
monetary,53446.80237894464,0.7695713944763979
behavioral,5035.582593095436,0.07250649516305172
identity,10967.704730564901,0.1579221103605503
