group,impact,normalized_impact
monetary,53469.13013322386,0.7531076833367258
behavioral,5027.050781427118,0.07080553879563155
identity,12501.806911370179,0.17608677786764257
