group,impact,normalized_impact
monetary,56382.79754639242,0.778926042693913
behavioral,4345.574656682895,0.06003393619793071
identity,11656.930708858037,0.16104002110815632
