group,impact,normalized_impact
monetary,28456.497350531412,0.6873401314875702
behavioral,3762.8896551136486,0.09088908724287298
identity,9181.509067372921,0.22177078126955674
