group,impact,normalized_impact
monetary,50329.23831825963,0.8024733571852573
behavioral,3401.38876578337,0.05423336321344881
identity,8987.016894560435,0.143293279601294
