group,impact,normalized_impact
monetary,59928.59741399354,0.8151970173124452
behavioral,4219.208178410294,0.05739306559604571
identity,9366.444510678135,0.12740991709150906
