group,impact,normalized_impact
monetary,71139.37016161154,0.8077289684732241
behavioral,5488.928946724606,0.06232226833170843
identity,11445.018722618652,0.12994876319506737
