group,impact,normalized_impact
monetary,4.154388441785285,0.5412976837661971
behavioral,0.4251498757012241,0.05539507106650413
identity,3.095329996894993,0.4033072451672987
