group,impact,normalized_impact
monetary,70097.20448342718,0.8234709881333155
behavioral,4965.6250199169535,0.058333968836336215
identity,10061.243467735225,0.11819504303034818
