group,impact,normalized_impact
monetary,36222.36762938537,0.7183653190715321
behavioral,4400.426833877915,0.08726966881107984
identity,9800.530087261795,0.194365012117388
