group,impact,normalized_impact
monetary,32357.15092528488,0.715146139365842
behavioral,4009.0220166965228,0.08860596609674894
identity,8879.335834696994,0.19624789453740898
