group,impact,normalized_impact
monetary,39651.912757998536,0.7528800768243776
behavioral,3497.2473888144414,0.06640304841872587
identity,9517.810302516671,0.1807168747568964
