group,impact,normalized_impact
monetary,0.025706853658720684,0.4004193026252703
temporal,0.015573077583678867,0.24257192064694888
identity,0.009207652595156976,0.14342174580815653
behavioral,1.3285944667040423e-05,0.0002069467064667223
device,0.013698966464877317,0.21338008421315766
