group,impact,normalized_impact
monetary,10758.016633362819,0.6824794388259735
behavioral,820.2172519288707,0.05203388588151098
identity,4184.902732961836,0.2654866752925156
