group,impact,normalized_impact
monetary,45081.88775132623,0.7786554018453173
behavioral,3628.990768093371,0.06268001199083689
identity,9186.219021402323,0.1586645861638458
