group,impact,normalized_impact
monetary,73667.51834289526,0.8439443100132572
behavioral,4273.736121456911,0.04896045588794478
identity,9348.294702390895,0.10709523409879809
