group,impact,normalized_impact
monetary,38381.56044256575,0.7417948460198069
behavioral,4157.086637195428,0.08034340986588712
identity,9202.829217232274,0.17786174411430591
