group,impact,normalized_impact
monetary,30192.473075710586,0.7474700687974057
behavioral,3168.291893542699,0.078436879075726
identity,7032.120760989846,0.17409305212686813
