group,impact,normalized_impact
monetary,39620.51784791373,0.7042875746868478
behavioral,5208.0470495241525,0.09257735700083738
identity,11427.599873792782,0.20313506831231487
