group,impact,normalized_impact
monetary,44473.63655326368,0.7605021192457367
behavioral,4338.80959157998,0.07419393027256638
identity,9666.860391964508,0.16530395048169685
