group,impact,normalized_impact
monetary,36795.56381331446,0.7234443635258982
behavioral,4894.215417055432,0.0962260715806482
identity,9171.856672053207,0.18032956489345342
