group,impact,normalized_impact
monetary,50734.097554859705,0.7417548795205633
behavioral,5298.752711181003,0.07747010133848023
identity,12364.539431822712,0.18077501914095634
