group,impact,normalized_impact
monetary,52288.15227570057,0.745161855720043
behavioral,5172.842730013266,0.07371851787227786
identity,12709.199394769812,0.18111962640767906
