group,impact,normalized_impact
monetary,47481.66247301074,0.7234808974798517
behavioral,5325.860280833214,0.08115044788121517
identity,12821.939804748436,0.19536865463893321
