group,impact,normalized_impact
monetary,17638.092670403057,0.741794156060224
behavioral,1422.3935414218747,0.05982070943617747
identity,4717.124499051406,0.19838513450359846
