group,impact,normalized_impact
monetary,69556.10521782172,0.8420654889550028
behavioral,3914.639692090122,0.04739171315126955
identity,9131.031472279468,0.11054279789372776
