group,impact,normalized_impact
monetary,31255.866222176046,0.6748193750553848
behavioral,4515.068890468985,0.09748109188017144
identity,10546.446067483008,0.22769953306444374
