group,impact,normalized_impact
monetary,60937.904774633134,0.7900436436231552
behavioral,5349.499616646158,0.06935483233836286
identity,10844.922748485718,0.14060152403848186
