group,impact,normalized_impact
monetary,62074.60818761125,0.804013318141864
behavioral,4856.572642418886,0.06290412777518767
identity,10274.764378776108,0.13308255408294842
