group,impact,normalized_impact
monetary,5.539326482681497,0.8267675879820852
behavioral,0.15272908561241685,0.02279545322364919
identity,1.0079246476715993,0.1504369587942657
