group,impact,normalized_impact
monetary,43314.60676055836,0.7469385550643921
behavioral,4068.2674140139484,0.07015522040029616
identity,10606.64379431108,0.18290622453531175
