group,impact,normalized_impact
monetary,51734.209922397116,0.7717022635879598
behavioral,4609.005674544791,0.06875102794207633
identity,10695.864581291064,0.15954670846996377
