group,impact,normalized_impact
monetary,69935.01502203479,0.8368132702384511
behavioral,4360.14332495788,0.05217165955161039
identity,9277.865061331986,0.11101507020993838
