group,impact,normalized_impact
monetary,70048.67269557243,0.8343776934197791
behavioral,4244.0288475455445,0.050552321184036915
identity,9660.492853140457,0.11506998539618403
