group,impact,normalized_impact
monetary,6720.7890757154455,0.6098597930822809
behavioral,250.86566841034534,0.02276412529906614
identity,4048.5652342204307,0.36737608161865287
