group,impact,normalized_impact
monetary,54010.20757140692,0.7739782829878443
behavioral,4638.2326056570455,0.06646690449168295
identity,11134.14773083885,0.15955481252047288
