group,impact,normalized_impact
monetary,49556.148196464834,0.761347632439036
behavioral,5049.256833574302,0.07757341673485134
identity,10484.635425866503,0.1610789508261126
