group,impact,normalized_impact
monetary,29633.390398499898,0.6779667777609283
behavioral,4365.324958800324,0.09987197740110867
identity,9710.491893780641,0.22216124483796296
