group,impact,normalized_impact
monetary,59663.26743325699,0.7649603555049135
behavioral,5704.477402963975,0.07313878789864418
identity,12627.496360136372,0.1619008565964422
