group,impact,normalized_impact
monetary,33131.68414582727,0.7193241969971893
behavioral,3556.0403452423257,0.077205428331756
identity,9371.735602355744,0.20347037467105467
