group,impact,normalized_impact
monetary,4.812773371684,0.5878809931525951
behavioral,0.461960134387358,0.056428500082379894
identity,2.9119121377600923,0.3556905067650249
