group,impact,normalized_impact
monetary,42090.98993676735,0.7390690051796275
behavioral,4846.603938384249,0.08510074855978576
identity,10013.77283320782,0.1758302462605868
