group,impact,normalized_impact
monetary,44845.64494386829,0.7764675113258461
behavioral,3829.420986509576,0.0663034501329122
identity,9080.917790425518,0.1572290385412416
