group,impact,normalized_impact
monetary,22507.304862162146,0.6912954673959784
behavioral,2562.2045820122576,0.0786962466156478
identity,7488.6453878604225,0.23000828598837386
