group,impact,normalized_impact
monetary,60735.68674029893,0.78176127451959
behavioral,5528.062689766216,0.07115463026630066
identity,11427.086276298514,0.14708409521410928
