group,impact,normalized_impact
monetary,58716.547929094726,0.8021615192601893
behavioral,4705.423523201279,0.06428357618523171
identity,9775.940089568188,0.133554904554579
