group,impact,normalized_impact
monetary,3.307561015148788,0.8061367771180818
behavioral,0.07548479013446593,0.01839756399405252
identity,0.7199316410171535,0.17546565888786567
