group,impact,normalized_impact
monetary,51840.849497696334,0.7343551022893795
behavioral,5458.284670807572,0.07731970514745454
identity,13294.573611397864,0.1883251925631659
