group,impact,normalized_impact
monetary,52889.59337597976,0.7971774686008293
behavioral,4550.359098813869,0.06858520771431426
identity,8906.11908291013,0.1342373236848565
