group,impact,normalized_impact
monetary,68371.30292927977,0.7851135069343605
behavioral,5864.750353074907,0.06734542885280179
identity,12848.555917975838,0.14754106421283766
