group,impact,normalized_impact
monetary,34267.025453524584,0.8634960330045316
behavioral,1192.6118582468703,0.030052670019667903
identity,4224.41929505809,0.10645129697580051
