group,impact,normalized_impact
monetary,73315.07622479154,0.8103682223938175
behavioral,5153.08706599438,0.05695824406847381
identity,12003.148637290109,0.1326735335377088
