group,impact,normalized_impact
monetary,66098.01250428785,0.8363961340538394
behavioral,4165.158732991585,0.052705407167405474
identity,8763.990430630762,0.1108984587787552
