group,impact,normalized_impact
monetary,19374.515161667536,0.6458334875184673
behavioral,2630.705616423809,0.08769240255626491
identity,7994.021342523426,0.2664741099252679
