group,impact,normalized_impact
monetary,18809.520298124426,0.7462809285761822
behavioral,1781.4335125617527,0.0706796257894934
identity,4613.388921226878,0.18303944563432434
