group,impact,normalized_impact
monetary,56720.808158967615,0.7656998131270722
behavioral,5204.375798831966,0.0702562200002551
identity,12151.898453025657,0.16404396687267264
