group,impact,normalized_impact
monetary,65812.24095552848,0.806553219130755
behavioral,4870.029435199881,0.059684001960611466
identity,10914.627860395336,0.13376277890863367
