group,impact,normalized_impact
monetary,60858.38419573181,0.7844471531353254
behavioral,4638.114864383948,0.05978397306078647
identity,12084.742649398226,0.15576887380388812
