group,impact,normalized_impact
monetary,42636.43914304229,0.7669586040869286
behavioral,4320.005612818022,0.07770971359354921
identity,8635.133349976797,0.15533168231952224
