group,impact,normalized_impact
monetary,5.11536215512143,0.639842826788179
behavioral,0.17390628761319857,0.021752651579373002
identity,2.7054482923095526,0.338404521632448
