group,impact,normalized_impact
monetary,55456.97049555558,0.7498926064874162
behavioral,5837.306045793673,0.07893241564459023
identity,12658.940247015222,0.1711749778679936
