group,impact,normalized_impact
monetary,25188.417724195097,0.7005286777568777
behavioral,3153.3751924186654,0.08770021913264016
identity,7614.504839602971,0.2117711031104821
