group,impact,normalized_impact
monetary,35702.79603312436,0.7254407191616802
behavioral,4077.8258325759325,0.08285684129207645
identity,9434.696615984249,0.19170243954624347
