group,impact,normalized_impact
monetary,48758.211873517386,0.7905101818249449
behavioral,4047.9726945822617,0.06562922444977252
identity,8873.238410306316,0.14386059372528254
