group,impact,normalized_impact
monetary,35415.02994602706,0.6965645108384171
behavioral,4659.405939805814,0.0916440512461729
identity,10767.99061591339,0.21179143791540997
