group,impact,normalized_impact
monetary,73647.72844146963,0.8284253010455719
behavioral,5185.051935991958,0.05832397416608425
identity,10068.08774971582,0.11325072478834386
