group,impact,normalized_impact
monetary,53963.27015143857,0.7801451227425471
behavioral,4473.940650783946,0.06467960463392462
identity,10733.59931799507,0.15517527262352823
