group,impact,normalized_impact
monetary,6.064682316640535,0.7451659385450193
behavioral,0.41706657982502165,0.05124486216505217
identity,1.6569514962042784,0.20358919928992852
