group,impact,normalized_impact
monetary,0.026225904584991265,5.535528754387116e-05
behavioral,473.747929169693,0.9999446447124561
identity,0.0,0.0
