group,impact,normalized_impact
monetary,8801.92847205226,0.6036246265734027
behavioral,752.0297240554006,0.05157320498529326
identity,5027.833342150458,0.34480216844130407
