group,impact,normalized_impact
monetary,34916.71132319323,0.6923118074047012
behavioral,4522.198949590345,0.08966399209982115
identity,10996.039629467827,0.21802420049547755
