group,impact,normalized_impact
monetary,62989.067383812035,0.7857338034136028
behavioral,5046.328441078866,0.06294855605850966
identity,12130.516740099232,0.15131764052788743
