group,impact,normalized_impact
monetary,37363.18446592289,0.7271433303508363
behavioral,4446.196992851782,0.08652962896475803
identity,9574.139377338452,0.1863270406844056
