group,impact,normalized_impact
monetary,36252.01505062612,0.7053936240979025
behavioral,4709.604137174962,0.09163972611588508
identity,10430.984618318173,0.2029666497862124
