feature,psi,ks_pvalue
step,0.0028247738729109168,0.629042601521314
type,0.00021299534818854102,
amount,0.0022404291763996626,0.6290426015213109
oldbalanceOrg,0.0006155098244318641,0.9668549432140578
newbalanceOrig,0.0013815032567614195,0.6765348578831805
oldbalanceDest,0.0003167705564368378,0.9211250188290699
newbalanceDest,0.0008391132625222618,0.8981168377396125
isFlaggedFraud,0.0,1.0
