feature,psi,ks_pvalue
step,0.0010650348485970024,0.9061220030130249
type,0.00031700067275266614,
amount,0.0022013128803269897,0.49086832201681685
oldbalanceOrg,0.0020080425218085124,0.1662120761051269
newbalanceOrig,0.0009141725943104102,0.8722108984409469
oldbalanceDest,0.0013035485867064049,0.35007565358349335
newbalanceDest,0.0010023705165223187,0.15604307554593866
isFlaggedFraud,0.0,1.0
