feature,psi,ks_pvalue
step,0.0017031180210560692,0.906122003013027
type,0.000842072333298244,
amount,0.001763489711283107,0.14172878161191316
oldbalanceOrg,0.0011603145222726218,0.7352237763983833
newbalanceOrig,0.0010139257043646462,0.8234965294689492
oldbalanceDest,0.0009091476329469804,0.3684629158950825
newbalanceDest,0.00116266667869285,0.054972904778102016
isFlaggedFraud,0.0,1.0
