feature,psi,ks_pvalue
step,0.0010608535730619144,0.983954199379301
type,0.00011115989666602765,
amount,0.002174202929642435,0.2749629860668118
oldbalanceOrg,0.001448395458265911,0.2673894346646498
newbalanceOrig,0.0010563712149533112,0.397172115866123
oldbalanceDest,0.00048146256359593863,0.8337278369752585
newbalanceDest,0.0005554247393124114,0.7467393481165838
isFlaggedFraud,0.0,1.0
