feature,psi,ks_pvalue
step,0.001539089992267013,0.6409118260831935
type,1.7098826291155057e-05,
amount,0.0024309515881666376,0.4271927517193881
oldbalanceOrg,0.0015613393014433507,0.5470921703330178
newbalanceOrig,0.0008569717799712088,0.8897890139530407
oldbalanceDest,0.0030008131722544574,0.2599687509089815
newbalanceDest,0.0011078384750887386,0.47994363511459737
isFlaggedFraud,0.0,1.0
