feature,psi,ks_pvalue
step,0.0012790555356751903,0.9668549432140578
type,0.0002789352374286599,
amount,0.0029128987272453596,0.3591931791162605
oldbalanceOrg,0.001137667878242809,0.9347315378786185
newbalanceOrig,0.0002734778041104427,0.9936464752489623
oldbalanceDest,0.00123637683124673,0.38745395601900756
newbalanceDest,0.0010529147663196569,0.2527001018774494
isFlaggedFraud,0.0,1.0
