feature,psi,ks_pvalue
step,0.0003869256249820257,0.9959202896692001
type,0.00039284793029450315,
amount,3.3780582621171944,0.0
oldbalanceOrg,0.001300107726621928,0.5470921703330178
newbalanceOrig,0.0009342959138486013,0.5702114282763109
oldbalanceDest,0.0002509646768922445,0.983954199379301
newbalanceDest,0.000299688518584679,0.940996232089993
isFlaggedFraud,0.0,1.0
