feature,psi,ks_pvalue
step,17.054910863231058,0.0
type,0.4367583888461296,
amount,0.2882650991430717,9.664041600350192e-262
oldbalanceOrg,0.08003545919414307,7.380285020859299e-66
newbalanceOrig,0.14212939018303022,3.0239388797925092e-148
oldbalanceDest,0.19978735443792464,3.5217132318355175e-174
newbalanceDest,0.41865949001341873,0.0
isFlaggedFraud,0.0,1.0
