feature,psi,ks_pvalue
step,0.001425197380720008,0.9409962320899895
type,0.0005019688305744557,
amount,0.002570018935804085,0.593601931925201
oldbalanceOrg,0.0027907985751539207,0.19393663044460663
newbalanceOrig,0.0025942686040754306,0.1463775922547893
oldbalanceDest,0.0006178794663744255,0.35007565358349846
newbalanceDest,0.0003195157480781074,0.8534870719557965
isFlaggedFraud,0.0,1.0
