feature,psi,ks_pvalue
step,0.0012811202241647076,0.6053775471439247
type,0.00031890772666404724,
amount,0.0012176572824811002,0.47994363511459737
oldbalanceOrg,0.0010729434362461271,0.8024063705559298
newbalanceOrig,0.0008514786070510591,0.8234965294689609
oldbalanceDest,0.0010806570659000758,0.156043075545933
newbalanceDest,0.0017678110642318473,0.16106366976586073
isFlaggedFraud,0.0,1.0
