feature,psi,ks_pvalue
step,0.001919825258154188,0.2826901186505698
type,0.0001375955382846055,
amount,0.0013139507711105634,0.6053775471439117
oldbalanceOrg,0.0010677868318151624,0.4374799112158433
newbalanceOrig,0.0006412387362052047,0.6409118260832002
oldbalanceDest,0.0006016883790292703,0.5470921703330307
newbalanceDest,0.00022349951032810185,0.9709475156471274
isFlaggedFraud,0.0,1.0
