feature,psi,ks_pvalue
step,17.054910863231058,0.0
type,0.4369838489851204,
amount,0.347929550633292,1.7600364031194712e-302
oldbalanceOrg,0.07039762095325555,2.3749490268301375e-38
newbalanceOrig,0.12849662538313922,7.589613042879937e-97
oldbalanceDest,0.22230124600614198,3.571364463095725e-192
newbalanceDest,0.42972110600524616,0.0
isFlaggedFraud,0.0,1.0
