feature,psi,ks_pvalue
step,0.001286099735734944,0.6646695044433397
type,0.0001334414912344433,
amount,0.0016252601960461035,0.8981168377396125
oldbalanceOrg,0.0023229184406160816,0.07660679403158521
newbalanceOrig,0.002599719939655299,0.16621207610512978
oldbalanceDest,0.00015910931482938578,0.6290426015213073
newbalanceDest,0.00021118165428220639,0.9746935306318316
isFlaggedFraud,0.0,1.0
