feature,psi,ks_pvalue
step,0.000684500219057237,0.5130549996407425
type,0.0001013645265719679,
amount,0.003045614958522684,0.5586138594309712
oldbalanceOrg,0.0014430447013027078,0.38745395601900756
newbalanceOrig,0.0013392580552531504,0.535653848753638
oldbalanceDest,0.0008607911762386186,0.6290426015213009
newbalanceDest,0.00018044059937761986,0.6527912316384219
isFlaggedFraud,0.0,1.0
