feature,psi,ks_pvalue
step,0.000926532339101019,0.9746935306318316
type,0.0008415476849920854,
amount,0.002195611715055823,0.38745395601900756
oldbalanceOrg,0.0015024539326678166,0.30679817720706815
newbalanceOrig,0.001190898577043427,0.34111131915082027
oldbalanceDest,0.0015535557564335793,0.41704389631569594
newbalanceDest,0.001344082725341675,0.3591931791162605
isFlaggedFraud,0.0,1.0
