feature,psi,ks_pvalue
step,0.0015553662314229649,0.664669504443353
type,0.0003672599402429558,
amount,3.360427467745841,0.0
oldbalanceOrg,0.002519446606067981,0.5356538487536443
newbalanceOrig,0.0008926049477882901,0.8897890139530407
oldbalanceDest,0.0011728604569329665,0.35007565358349846
newbalanceDest,0.0012052028909049699,0.5818769262081889
isFlaggedFraud,0.0,1.0
