feature,psi,ks_pvalue
step,0.0024388210875781365,0.5470921703330307
type,0.0004035090728940466,
amount,0.001068525182234309,0.6527912316384085
oldbalanceOrg,0.0025789713628427235,0.6053775471439247
newbalanceOrig,0.0020898190547204523,0.593601931925201
oldbalanceDest,0.001690665465188472,0.7119286794690562
newbalanceDest,0.00042693473107733,0.957601993693344
isFlaggedFraud,0.0,1.0
