feature,psi,ks_pvalue
step,0.0010398813743285535,0.30679817720706815
type,0.0004379054732183665,
amount,0.0014047484438472176,0.6409118260832002
oldbalanceOrg,0.0012553145361391092,0.5130549996407299
newbalanceOrig,0.0015280330405840494,0.49086832201681685
oldbalanceDest,0.0006522433419899888,0.813050920665655
newbalanceDest,0.0013286173559756997,0.8629855183959676
isFlaggedFraud,0.0,1.0
