feature,psi,ks_pvalue
step,17.054910863231058,0.0
type,0.4434626408854415,
amount,0.46116510423542695,0.0
oldbalanceOrg,0.10916759332825804,2.6310596893076334e-51
newbalanceOrig,0.2042442138858352,6.95209233562919e-191
oldbalanceDest,0.17790684780037064,6.274401748411102e-157
newbalanceDest,0.4186115054039801,0.0
isFlaggedFraud,0.0,1.0
