feature,psi,ks_pvalue
step,0.00044724781090554064,0.7352237763983964
type,0.0006264380529409727,
amount,0.0023291141694569343,0.38745395601901855
oldbalanceOrg,0.002367658162768431,0.09147606267636721
newbalanceOrig,0.002671127735212296,0.18812133660896624
oldbalanceDest,0.0008986994746659216,0.8981168377396078
newbalanceDest,0.0006111856118182366,0.9709475156471274
isFlaggedFraud,0.0,1.0
