feature,psi,ks_pvalue
step,0.001582154023131318,0.290571418544575
type,0.0007108869133098859,
amount,0.0016158037256879536,0.38745395601900756
oldbalanceOrg,0.001229229228170922,0.32364507627251404
newbalanceOrig,0.0007019029996361472,0.3591931791162605
oldbalanceDest,0.0009272266185709902,0.38745395601900756
newbalanceDest,0.0010770450971616852,0.21222111804640986
isFlaggedFraud,0.0,1.0
