feature,psi,ks_pvalue
step,0.0020495621391484983,0.21222111804641353
type,0.00018080409499035872,
amount,0.0019350838872821698,0.8534870719557858
oldbalanceOrg,0.0017328646145218574,0.46913808804365775
newbalanceOrig,0.0009833716861658442,0.7467393481165838
oldbalanceDest,0.00030929153656521707,0.6527912316384085
newbalanceDest,0.0003736972720048043,0.6053775471439247
isFlaggedFraud,0.0,1.0
