feature,psi,ks_pvalue
step,0.0012531825241113772,0.9922039335507721
type,0.00019619115146648532,
amount,0.003695084890712967,0.6883750425767741
oldbalanceOrg,0.000702023504304456,0.9137943884435809
newbalanceOrig,0.0004933910483763986,0.9061220030130184
oldbalanceDest,0.0003607768484671949,0.9959202896692002
newbalanceDest,0.0015797982589866098,0.9668549432140578
isFlaggedFraud,0.0,1.0
